mesh,node1,node2,type,length,lane,restriction,dir,traveltime
523657,4129001,4129025,9,17,0,0,0,4.212
523657,4129001,4129025,9,17,0,0,1,5.832
523657,4129001,4145969,9,82,0,0,0,22.398
523657,4129001,4145969,9,82,0,0,1,27.923
523657,4129001,4146865,7,99,0,5,1,42.832
523657,4129001,4146866,7,93,0,4,0,13.988
523657,4129011,4129031,9,79,0,0,0,14.289
523657,4129011,4129031,9,79,0,0,1,15.748
523657,4129011,4145961,9,42,0,0,0,7.651
523657,4129011,4145961,9,42,0,0,1,9.312
523657,4129011,4146086,9,41,0,0,0,12.335
523657,4129011,4146086,9,41,0,0,1,7.495
523657,4129025,4129200,9,44,0,0,0,12.88
523657,4129025,4129200,9,44,0,0,1,14.721
523657,4129031,4129080,9,94,0,0,0,22.296
523657,4129031,4129080,9,94,0,0,1,20.458
523657,4129031,4145959,9,40,0,0,0,9.54
523657,4129031,4145959,9,40,0,0,1,9.977
523657,4129031,4146084,9,42,0,0,0,9.664
523657,4129031,4146084,9,42,0,0,1,8.214
523657,4129080,4129219,9,85,0,0,0,13.195
523657,4129080,4129219,9,85,0,0,1,23.479
523657,4129080,4145957,9,38,0,0,0,17.336
523657,4129080,4145957,9,38,0,0,1,14.154
523657,4129080,4146082,9,46,0,0,0,22.026
523657,4129080,4146082,9,46,0,0,1,13.204
523657,4129200,4129251,9,41,0,0,0,17.333
523657,4129200,4129251,9,41,0,0,1,12.985
523657,4129200,4129268,9,175,0,0,0,33.216
523657,4129200,4129268,9,175,0,0,1,47.5
523657,4129219,4134153,9,116,0,0,0,19.953
523657,4129219,4134153,9,116,0,0,1,26.297
523657,4129219,4145955,9,41,0,0,0,12.911
523657,4129219,4145955,9,41,0,0,1,14.869
523657,4129219,4146080,9,47,0,0,0,9.333
523657,4129219,4146080,9,47,0,0,1,11.547
523657,4129251,4129314,9,94,0,0,0,19.322
523657,4129251,4129314,9,94,0,0,1,43.029
523657,4129268,4129303,9,75,0,0,0,14.739
523657,4129268,4129303,9,75,0,0,1,15.017
523657,4129268,4129479,9,63,0,0,0,18.302
523657,4129268,4129479,9,63,0,0,1,12.25
523657,4129268,4146087,9,49,0,0,0,9.597
523657,4129268,4146087,9,49,0,0,1,10.723
523657,4129282,4134192,5,18,6,5,1,4.032
523657,4129282,4134390,5,22,0,0,0,7.574
523657,4129282,4134390,5,22,0,0,1,4.054
523657,4129282,4143140,5,118,6,4,0,18.362
523657,4129300,4134153,9,95,0,0,0,15.117
523657,4129300,4134153,9,95,0,0,1,14.627
523657,4129300,4145943,9,131,0,0,0,36.212
523657,4129300,4145943,9,131,0,0,1,26.022
523657,4129300,4145945,9,44,0,0,0,16.536
523657,4129300,4145945,9,44,0,0,1,10.415
523657,4129300,4145974,9,47,0,0,0,13.707
523657,4129300,4145974,9,47,0,0,1,12.245
523657,4129303,4129459,9,92,0,0,0,31.832
523657,4129303,4129459,9,92,0,0,1,17.205
523657,4129303,4129556,9,73,0,0,0,14.147
523657,4129303,4129556,9,73,0,0,1,12.448
523657,4129303,4146085,9,49,0,0,0,10.03
523657,4129303,4146085,9,49,0,0,1,9.764
523657,4129314,4129479,9,84,0,0,0,19.415
523657,4129314,4129479,9,84,0,0,1,19.986
523657,4129458,4129520,9,7,0,0,0,1.445
523657,4129458,4129520,9,7,0,0,1,1.312
523657,4129458,4129573,9,53,0,0,0,17.492
523657,4129458,4129573,9,53,0,0,1,27.434
523657,4129458,4143129,9,78,0,0,0,22.944
523657,4129458,4143129,9,78,0,0,1,20.516
523657,4129459,4129525,9,78,0,0,0,13.776
523657,4129459,4129525,9,78,0,0,1,14.739
523657,4129459,4129744,9,52,0,0,0,13.979
523657,4129459,4129744,9,52,0,0,1,22.165
523657,4129459,4146083,9,50,0,0,0,31.393
523657,4129459,4146083,9,50,0,0,1,11.835
523657,4129479,4129556,9,62,0,0,0,10.18
523657,4129479,4129556,9,62,0,0,1,14.126
523657,4129520,4129574,9,75,0,0,0,14.871
523657,4129520,4129574,9,75,0,0,1,30.016
523657,4129520,4143137,9,92,0,0,0,36.884
523657,4129520,4143137,9,92,0,0,1,26.361
523657,4129525,4129737,9,24,0,0,0,4.47
523657,4129525,4129737,9,24,0,0,1,4.288
523657,4129525,4146081,9,51,0,0,0,14.076
523657,4129525,4146081,9,51,0,0,1,10.956
523657,4129556,4129745,9,15,0,0,0,1.957
523657,4129556,4129745,9,15,0,0,1,2.371
523657,4129575,4143139,9,109,0,0,0,23.391
523657,4129575,4143139,9,109,0,0,1,26.655
523657,4129576,4134390,9,95,0,0,0,16.901
523657,4129576,4134390,9,95,0,0,1,20.064
523657,4129584,4143153,9,37,0,0,0,7.274
523657,4129584,4143153,9,37,0,0,1,8.319
523657,4129585,4143158,9,31,0,0,0,8.044
523657,4129585,4143158,9,31,0,0,1,6.911
523657,4129586,4143160,9,30,0,0,0,12.56
523657,4129586,4143160,9,30,0,0,1,9.111
523657,4129587,4134898,9,15,0,0,0,12.359
523657,4129587,4134898,9,15,0,0,1,3.472
523657,4129588,4143267,9,60,0,0,0,16.86
523657,4129588,4143267,9,60,0,0,1,13.487
523657,4129589,4143269,9,67,0,0,0,32.936
523657,4129589,4143269,9,67,0,0,1,14.511
523657,4129591,4145188,9,56,0,0,0,14.502
523657,4129591,4145188,9,56,0,0,1,12.549
523657,4129592,4145190,9,48,0,0,0,23.652
523657,4129592,4145190,9,48,0,0,1,14.444
523657,4129593,4145192,9,37,0,0,0,12.002
523657,4129593,4145192,9,37,0,0,1,8.084
523657,4129696,4145200,9,25,0,0,0,16.335
523657,4129696,4145200,9,25,0,0,1,5.738
523657,4129697,4145202,9,16,0,0,0,8.742
523657,4129697,4145202,9,16,0,0,1,5.854
523657,4129698,4145204,9,11,0,0,0,5.269
523657,4129698,4145204,9,11,0,0,1,4.649
523657,4129702,4145319,7,93,6,5,1,24.74
523657,4129703,4145321,7,85,6,4,0,24.792
523657,4129704,4145329,9,74,0,0,0,31.199
523657,4129704,4145329,9,74,0,0,1,23.539
523657,4129705,4145333,9,58,0,0,0,42.652
523657,4129705,4145333,9,58,0,0,1,21.32
523657,4129713,4145345,9,45,0,0,0,18.216
523657,4129713,4145345,9,45,0,0,1,11.168
523657,4129714,4145347,9,35,0,0,0,7.556
523657,4129714,4145347,9,35,0,0,1,8.939
523657,4129715,4145718,9,36,0,0,0,9.122
523657,4129715,4145718,9,36,0,0,1,9.527
523657,4129717,4145830,9,16,0,0,0,3.708
523657,4129717,4145830,9,16,0,0,1,4.204
523657,4129718,4145832,9,16,0,0,0,2.646
523657,4129718,4145832,9,16,0,0,1,2.795
523657,4129719,4145842,9,13,0,0,0,3.221
523657,4129719,4145842,9,13,0,0,1,3.014
523657,4129720,4145844,9,21,0,0,0,6.041
523657,4129720,4145844,9,21,0,0,1,4.2
523657,4129721,4145846,9,28,0,0,0,10.513
523657,4129721,4145846,9,28,0,0,1,7.028
523657,4129730,4145872,9,19,0,0,0,6.758
523657,4129730,4145872,9,19,0,0,1,4.027
523657,4129731,4145880,9,20,0,0,0,3.56
523657,4129731,4145880,9,20,0,0,1,2.843
523657,4129732,4145888,9,51,0,0,0,24.144
523657,4129732,4145888,9,51,0,0,1,16.043
523657,4129735,4145975,9,11,0,0,0,2.882
523657,4129735,4145975,9,11,0,0,1,2.075
523657,4129736,4145977,9,37,0,0,0,21.869
523657,4129736,4145977,9,37,0,0,1,9.642
523657,4134153,4145953,9,43,0,0,0,17.718
523657,4134153,4145953,9,43,0,0,1,12.225
523657,4134153,4145976,9,50,0,0,0,15.702
523657,4134153,4145976,9,50,0,0,1,11.216
523657,4134169,4145824,9,45,0,0,0,9.031
523657,4134169,4145824,9,45,0,0,1,17.131
523657,4134192,4134391,5,22,0,0,0,4.302
523657,4134192,4134391,5,22,0,0,1,11.039
523657,4134192,4143141,5,108,6,5,1,16.556
523657,4134193,4134391,9,71,0,0,0,18.348
523657,4134193,4134391,9,71,0,0,1,14.552
523657,4134388,4145335,5,47,6,5,1,13.683
523657,4134389,4145336,5,47,6,4,0,19.165
523657,4134390,4134391,5,32,6,4,0,4.283
523657,4134390,4143139,5,112,6,5,1,33.737
523657,4134391,4143142,5,105,6,4,0,20.848
523657,4134392,4143142,5,48,6,5,1,6.973
523657,4134400,4143143,5,46,6,4,0,16.996
523657,4134896,4134898,9,45,0,0,0,13.288
523657,4134896,4134898,9,45,0,0,1,8.326
523657,4134898,4143264,9,15,0,0,0,7.021
523657,4134898,4143264,9,15,0,0,1,3.806
523657,4134961,4143128,4,113,6,5,1,31.655
523657,4134962,4143129,4,104,6,4,0,25.198
523657,4134963,4145204,5,95,6,5,1,30.545
523657,4134964,4145207,7,82,6,4,0,33.097
523657,4134965,4145168,3,63,6,5,1,8.018
523657,4134966,4145169,3,61,6,4,0,21.731
523657,4134967,4145206,7,15,6,5,1,3.266
523657,4134968,4145207,7,13,6,4,0,2.933
523657,4134969,4145826,3,25,6,5,1,5.165
523657,4135072,4145827,3,24,6,4,0,4.581
523657,4135073,4146404,5,4,6,5,1,0.622
523657,4135074,4146405,5,5,6,4,0,0.642
523657,4135075,4145975,7,37,6,4,0,4.264
523657,4135076,4146404,7,14,6,5,1,1.681
523657,4137395,4145205,5,18,0,0,0,8.223
523657,4137395,4145205,5,18,0,0,1,8.829
523657,4137396,4145856,7,76,6,5,1,13.108
523657,4137397,4145857,7,80,6,4,0,31.974
523657,4141476,4141748,4,114,4,4,0,36.186
523657,4141476,4146886,4,131,4,5,1,22.716
523657,4141477,4141746,4,129,4,5,1,13.804
523657,4141477,4146885,4,129,4,4,0,11.969
523657,4141478,4141480,4,99,4,5,1,13.028
523657,4141478,4146886,4,96,4,4,0,17.277
523657,4141479,4141481,4,98,4,4,0,9.791
523657,4141479,4146885,4,97,4,5,1,8.979
523657,4141480,4141488,4,94,4,5,1,10.977
523657,4141481,4141489,4,94,4,4,0,12.309
523657,4141488,4141489,4,14,0,0,0,4.991
523657,4141488,4141489,4,14,0,0,1,6.121
523657,4141488,4146884,4,119,4,5,1,14.061
523657,4141489,4146883,4,118,4,4,0,17.96
523657,4141490,4141492,4,111,4,4,0,18.814
523657,4141490,4146883,4,107,4,5,1,12.959
523657,4141491,4141493,4,111,4,5,1,14.632
523657,4141491,4146884,4,108,4,4,0,21.01
523657,4141492,4141493,4,14,0,0,0,3.477
523657,4141492,4141493,4,14,0,0,1,3.663
523657,4141492,4141494,4,20,4,4,0,2.609
523657,4141493,4141495,4,22,4,5,1,2.911
523657,4141494,4141495,4,14,0,0,0,4.81
523657,4141494,4141495,4,14,0,0,1,2.66
523657,4141494,4141496,4,34,4,4,0,4.386
523657,4141495,4141497,4,38,4,5,1,5.278
523657,4141496,4141505,4,86,4,4,0,11.707
523657,4141497,4141504,4,86,4,5,1,14.514
523657,4141504,4141505,4,14,0,0,0,1.702
523657,4141504,4141505,4,14,0,0,1,2.87
523657,4141504,4141506,4,25,4,5,1,5.188
523657,4141505,4141507,4,26,4,4,0,2.291
523657,4141506,4141508,4,190,4,5,1,34.898
523657,4141507,4141509,4,190,4,4,0,30.321
523657,4141508,4141509,4,16,0,0,0,3.786
523657,4141508,4141509,4,16,0,0,1,6.141
523657,4141508,4141511,4,342,6,5,1,62.924
523657,4141509,4141510,4,334,6,4,0,31.556
523657,4141510,4141511,4,16,0,0,0,2.23
523657,4141510,4141511,4,16,0,0,1,0.5
523657,4141510,4141512,4,205,6,4,0,36.918
523657,4141511,4141513,4,202,6,5,1,21.285
523657,4141512,4141513,4,17,0,0,0,2.367
523657,4141512,4141513,4,17,0,0,1,0
523657,4141512,4141520,4,56,6,4,0,12.177
523657,4141513,4141521,4,57,6,5,1,6.303
523657,4141520,4141521,4,15,0,0,0,4.125
523657,4141520,4141521,4,15,0,0,1,1.532
523657,4141520,4141522,4,95,6,4,0,14.912
523657,4141521,4141523,4,91,6,5,1,18.546
523657,4141522,4141524,4,82,6,4,0,15.733
523657,4141523,4141525,4,89,6,5,1,15.531
523657,4141524,4141525,4,15,0,0,0,4.113
523657,4141524,4141525,4,15,0,0,1,2.621
523657,4141524,4146393,4,153,6,4,0,31.8
523657,4141525,4141526,4,147,6,5,1,31.668
523657,4141526,4141527,4,17,6,5,1,2.952
523657,4141526,4146393,4,14,0,4,0,22.133
523657,4141527,4146393,4,17,0,5,1,2.543
523657,4141745,4141746,4,17,0,4,0,3.689
523657,4141745,4141748,4,16,4,5,1,2.654
523657,4141745,4146882,4,103,4,4,0,19.41
523657,4141746,4141748,4,24,0,4,0,6.949
523657,4141746,4146881,4,107,4,5,1,33.013
523657,4143088,4143089,4,15,0,0,0,2.618
523657,4143088,4143089,4,15,0,0,1,2.671
523657,4143088,4143091,4,14,0,5,1,2.219
523657,4143089,4143090,4,15,0,0,0,1.918
523657,4143089,4143090,4,15,0,0,1,4.16
523657,4143089,4143126,4,77,6,4,0,17.991
523657,4143090,4143091,4,16,0,0,0,3.542
523657,4143090,4143091,4,16,0,0,1,4.251
523657,4143090,4143093,4,139,4,4,0,23.567
523657,4143090,4143136,4,68,6,5,1,32.105
523657,4143091,4143092,4,138,4,5,1,58.229
523657,4143092,4146856,4,52,4,5,1,14.281
523657,4143093,4146857,4,49,4,4,0,10.016
523657,4143094,4143095,4,15,0,0,0,3.122
523657,4143094,4143095,4,15,0,0,1,3.528
523657,4143094,4143096,4,152,4,5,1,32.762
523657,4143094,4146856,4,54,4,4,0,12.952
523657,4143095,4143097,4,154,4,4,0,33.904
523657,4143095,4146857,4,55,4,5,1,10.127
523657,4143096,4143097,4,17,6,4,0,3.424
523657,4143096,4143105,4,19,4,5,1,3.719
523657,4143097,4143104,4,19,4,4,0,2.817
523657,4143097,4143141,5,116,6,4,0,33.883
523657,4143104,4143105,4,18,6,4,0,3.659
523657,4143104,4143107,4,81,4,4,0,15.592
523657,4143104,4143144,5,118,6,5,1,36.831
523657,4143105,4143106,4,76,4,5,1,36.635
523657,4143106,4143107,4,15,0,0,0,6.561
523657,4143106,4143107,4,15,0,0,1,3
523657,4143106,4143108,4,93,4,5,1,22.848
523657,4143107,4143109,4,90,4,4,0,22.814
523657,4143107,4143154,9,139,0,0,0,32.191
523657,4143107,4143154,9,139,0,0,1,30.309
523657,4143108,4143109,4,15,0,0,0,2.833
523657,4143108,4143109,4,15,0,0,1,4.39
523657,4143108,4143110,4,62,4,5,1,12.235
523657,4143109,4143111,4,62,4,4,0,12.11
523657,4143109,4143159,9,165,0,0,0,36.95
523657,4143109,4143159,9,165,0,0,1,47.702
523657,4143110,4143111,4,15,0,0,0,4.911
523657,4143110,4143111,4,15,0,0,1,4.634
523657,4143110,4143112,4,19,4,5,1,3.271
523657,4143111,4143113,4,19,4,4,0,3.311
523657,4143112,4143113,4,15,0,0,0,6.784
523657,4143112,4143113,4,15,0,0,1,4.395
523657,4143112,4143120,4,86,4,5,1,13.688
523657,4143113,4143121,4,84,4,4,0,20.759
523657,4143113,4143161,9,166,0,0,0,85.613
523657,4143113,4143161,9,166,0,0,1,68.891
523657,4143120,4143121,4,14,0,0,0,4.207
523657,4143120,4143121,4,14,0,0,1,5.009
523657,4143120,4143122,4,137,4,5,1,19.048
523657,4143121,4143123,4,136,4,4,0,41.729
523657,4143121,4143265,9,150,0,0,0,60.217
523657,4143121,4143265,9,150,0,0,1,49.305
523657,4143122,4143123,4,15,0,0,0,4.352
523657,4143122,4143123,4,15,0,0,1,4.907
523657,4143122,4143124,4,128,4,5,1,20.478
523657,4143123,4143125,4,128,4,4,0,46.582
523657,4143123,4143268,9,122,0,0,0,40.043
523657,4143123,4143268,9,122,0,0,1,38.451
523657,4143124,4143125,4,16,0,0,0,3.793
523657,4143124,4143125,4,16,0,0,1,4.573
523657,4143124,4145157,4,99,4,5,1,16.028
523657,4143125,4143270,9,106,0,0,0,28.974
523657,4143125,4143270,9,106,0,0,1,39.864
523657,4143125,4145158,4,101,4,4,0,39.75
523657,4143126,4143127,4,19,0,4,0,6.628
523657,4143126,4143128,4,54,6,4,0,10.606
523657,4143126,4143136,4,19,0,5,1,3.404
523657,4143127,4143129,4,52,6,5,1,14.21
523657,4143127,4143136,4,17,6,4,0,4.851
523657,4143127,4143137,5,92,6,4,0,30.672
523657,4143128,4143129,4,17,0,0,0,7.575
523657,4143128,4143129,4,17,0,0,1,5.022
523657,4143136,4143138,5,93,6,5,1,39.074
523657,4143137,4143138,5,17,0,0,0,8.563
523657,4143137,4143138,5,17,0,0,1,4.275
523657,4143137,4143139,5,88,6,4,0,17.927
523657,4143138,4143140,5,88,6,5,1,18.031
523657,4143139,4143140,5,18,0,0,0,5.722
523657,4143139,4143140,5,18,0,0,1,4.717
523657,4143141,4143142,5,17,6,4,0,3.161
523657,4143141,4143144,5,16,6,5,1,1.884
523657,4143142,4143143,5,16,6,4,0,2.431
523657,4143143,4143144,5,17,6,4,0,3.193
523657,4143143,4143153,5,61,6,4,0,8.27
523657,4143144,4143152,5,64,6,5,1,11.101
523657,4143152,4143153,5,19,0,0,0,5.667
523657,4143152,4143153,5,19,0,0,1,5.185
523657,4143152,4143154,5,14,6,5,1,1.643
523657,4143153,4143155,5,16,6,4,0,1.872
523657,4143154,4143155,5,18,0,0,0,3.095
523657,4143154,4143155,5,18,0,0,1,3.23
523657,4143154,4143157,5,82,6,5,1,11.228
523657,4143155,4143156,5,64,6,4,0,10.476
523657,4143156,4143158,5,18,6,4,0,4.972
523657,4143157,4143158,5,18,0,0,0,7.62
523657,4143157,4143158,5,18,0,0,1,3.019
523657,4143157,4143159,5,39,6,5,1,5.214
523657,4143158,4143160,5,42,6,4,0,12.962
523657,4143159,4143160,5,16,0,0,0,4.093
523657,4143159,4143160,5,16,0,0,1,3.742
523657,4143159,4143161,5,66,6,5,1,10.638
523657,4143160,4143264,5,66,6,4,0,8.878
523657,4143161,4143264,5,15,0,0,0,5.631
523657,4143161,4143264,5,15,0,0,1,4.424
523657,4143161,4143265,5,54,6,5,1,19.305
523657,4143264,4143266,5,50,6,4,0,6.878
523657,4143265,4143268,5,139,6,5,1,24.596
523657,4143266,4143267,5,138,6,4,0,34.838
523657,4143267,4143268,5,16,0,0,0,5.344
523657,4143267,4143268,5,16,0,0,1,4.64
523657,4143267,4143269,5,131,6,4,0,24.872
523657,4143268,4143270,5,130,6,5,1,16.95
523657,4143269,4143270,5,16,0,0,0,4.405
523657,4143269,4143270,5,16,0,0,1,6.024
523657,4143269,4145168,5,101,6,4,0,21.536
523657,4143270,4145161,5,101,6,5,1,16.321
523657,4145157,4145158,3,16,6,4,0,3.118
523657,4145157,4145160,3,18,0,5,1,3.188
523657,4145158,4145159,3,18,0,4,0,3.335
523657,4145158,4145161,3,101,6,4,0,25.711
523657,4145159,4145160,3,16,6,4,0,2.832
523657,4145159,4145170,3,101,6,5,1,29.614
523657,4145159,4145172,4,95,4,4,0,19.601
523657,4145160,4145171,4,95,4,5,1,34.339
523657,4145161,4145168,3,16,6,4,0,3.197
523657,4145161,4145170,3,17,6,5,1,3.008
523657,4145168,4145169,3,16,6,4,0,2.479
523657,4145169,4145170,3,16,6,4,0,3.318
523657,4145169,4145188,5,98,6,4,0,17.116
523657,4145170,4145187,5,97,6,5,1,27.677
523657,4145171,4145172,4,16,0,0,0,4.411
523657,4145171,4145172,4,16,0,0,1,3.859
523657,4145171,4145173,4,104,4,5,1,35.566
523657,4145172,4145174,4,104,4,4,0,22.469
523657,4145172,4145187,9,97,0,0,0,21.837
523657,4145172,4145187,9,97,0,0,1,30.628
523657,4145173,4145174,4,15,0,0,0,4.983
523657,4145173,4145174,4,15,0,0,1,3.673
523657,4145173,4145175,4,112,4,5,1,28.933
523657,4145174,4145176,4,111,4,4,0,27.812
523657,4145174,4145189,9,96,0,0,0,30.816
523657,4145174,4145189,9,96,0,0,1,32.808
523657,4145175,4145176,4,16,0,0,0,5.074
523657,4145175,4145176,4,16,0,0,1,5.385
523657,4145175,4145177,4,112,4,5,1,23.254
523657,4145176,4145184,4,113,4,4,0,36.542
523657,4145176,4145191,9,96,0,0,0,28.13
523657,4145176,4145191,9,96,0,0,1,32.621
523657,4145177,4145184,4,15,0,0,0,5.218
523657,4145177,4145184,4,15,0,0,1,3.574
523657,4145177,4145185,4,109,4,5,1,26.241
523657,4145184,4145186,4,108,4,4,0,36.561
523657,4145184,4145193,9,98,0,0,0,33.087
523657,4145184,4145193,9,98,0,0,1,36.383
523657,4145185,4145186,4,16,0,0,0,8.788
523657,4145185,4145186,4,16,0,0,1,7.262
523657,4145185,4145208,4,99,4,5,1,27.268
523657,4145186,4145201,9,96,0,0,0,43.504
523657,4145186,4145201,9,96,0,0,1,40.858
523657,4145186,4145209,4,100,4,4,0,32.888
523657,4145187,4145188,5,17,0,0,0,4.56
523657,4145187,4145188,5,17,0,0,1,4.539
523657,4145187,4145189,5,102,6,5,1,34.66
523657,4145188,4145190,5,102,6,4,0,15.741
523657,4145189,4145190,5,17,0,0,0,8.922
523657,4145189,4145190,5,17,0,0,1,4.831
523657,4145189,4145191,5,111,6,5,1,20.669
523657,4145190,4145192,5,111,6,4,0,16.095
523657,4145191,4145192,5,18,0,0,0,5.25
523657,4145191,4145192,5,18,0,0,1,6.814
523657,4145191,4145193,5,114,6,5,1,21.798
523657,4145192,4145200,5,112,6,4,0,22.714
523657,4145193,4145200,5,18,0,0,0,6.577
523657,4145193,4145200,5,18,0,0,1,5.383
523657,4145193,4145201,5,107,6,5,1,19.121
523657,4145200,4145202,5,109,6,4,0,30.69
523657,4145201,4145202,5,19,0,0,0,12.468
523657,4145201,4145202,5,19,0,0,1,13.595
523657,4145201,4145203,5,100,6,5,1,24.313
523657,4145202,4145204,5,103,6,4,0,29.677
523657,4145203,4145204,5,17,0,0,0,13.683
523657,4145203,4145204,5,17,0,0,1,7.937
523657,4145203,4145205,5,105,6,5,1,20.028
523657,4145203,4145209,9,95,0,0,0,50.043
523657,4145203,4145209,9,95,0,0,1,47.82
523657,4145205,4145206,5,100,6,5,1,21.975
523657,4145205,4145313,9,96,0,0,0,46.378
523657,4145205,4145313,9,96,0,0,1,44.737
523657,4145206,4145207,7,12,6,5,1,2.09
523657,4145206,4145315,7,91,6,5,1,25.21
523657,4145207,4145316,7,91,6,4,0,26.023
523657,4145208,4145209,4,15,0,0,0,6.664
523657,4145208,4145209,4,15,0,0,1,5.271
523657,4145208,4145312,4,105,4,5,1,22.995
523657,4145209,4145313,4,105,4,4,0,37.336
523657,4145312,4145313,4,14,0,0,0,5.155
523657,4145312,4145313,4,14,0,0,1,7.366
523657,4145312,4145314,4,103,4,5,1,23.121
523657,4145313,4145315,4,102,4,4,0,34.438
523657,4145314,4145315,4,15,6,4,0,3.018
523657,4145314,4145317,4,14,4,5,1,2.576
523657,4145315,4145316,4,15,4,4,0,2.915
523657,4145316,4145317,4,15,6,4,0,2.733
523657,4145316,4145319,4,112,4,4,0,27.198
523657,4145317,4145318,4,111,4,5,1,37.887
523657,4145318,4145319,4,16,6,4,0,3.13
523657,4145318,4145320,4,86,4,5,1,26.207
523657,4145319,4145321,4,85,4,4,0,20.981
523657,4145320,4145321,4,16,6,5,1,3.517
523657,4145320,4145328,4,137,4,5,1,44.085
523657,4145321,4145329,4,137,4,4,0,34.285
523657,4145328,4145329,4,15,0,0,0,4.628
523657,4145328,4145329,4,15,0,0,1,5.325
523657,4145328,4145330,4,118,4,5,1,48.142
523657,4145329,4145331,4,120,4,4,0,21.573
523657,4145330,4145331,4,14,0,0,0,4.335
523657,4145330,4145331,4,14,0,0,1,19.008
523657,4145330,4145332,4,91,4,5,1,24.111
523657,4145331,4145333,4,91,4,4,0,24.552
523657,4145332,4145333,4,15,0,0,0,4.056
523657,4145332,4145333,4,15,0,0,1,6.806
523657,4145332,4145334,4,142,4,5,1,35.376
523657,4145333,4145335,4,140,4,4,0,38.603
523657,4145334,4145335,4,14,0,4,0,3.298
523657,4145334,4145337,4,20,4,5,1,4.26
523657,4145335,4145336,4,19,4,4,0,2.674
523657,4145336,4145337,4,14,0,4,0,2.957
523657,4145336,4145345,4,80,4,4,0,10.183
523657,4145337,4145344,4,80,4,5,1,30.125
523657,4145344,4145346,4,129,4,5,1,27.019
523657,4145345,4145347,4,129,4,4,0,20.215
523657,4145346,4145347,4,14,0,0,0,3.92
523657,4145346,4145347,4,14,0,0,1,3.656
523657,4145346,4145717,4,48,4,5,1,12.842
523657,4145347,4145718,4,48,4,4,0,5.478
523657,4145717,4145719,4,76,4,5,1,14.601
523657,4145718,4145720,4,76,4,4,0,9.401
523657,4145719,4145721,4,17,4,5,1,2.153
523657,4145720,4145824,4,19,4,4,0,2.823
523657,4145721,4145825,4,70,4,5,1,9.994
523657,4145824,4145826,4,67,4,4,0,14.974
523657,4145825,4145826,3,12,0,4,0,2.374
523657,4145825,4145828,3,17,0,5,1,2.237
523657,4145826,4145827,3,17,0,4,0,2.243
523657,4145827,4145828,3,12,0,4,0,1.643
523657,4145827,4145830,4,178,6,4,0,19.486
523657,4145828,4145829,4,174,6,5,1,38.588
523657,4145829,4145830,4,14,0,0,0,5.668
523657,4145829,4145830,4,14,0,0,1,2.617
523657,4145829,4145831,4,108,6,5,1,17.739
523657,4145830,4145832,4,106,6,4,0,9.718
523657,4145831,4145833,4,21,6,5,1,2.088
523657,4145832,4145840,4,24,6,4,0,2.032
523657,4145833,4145841,4,126,6,5,1,12.905
523657,4145840,4145842,4,125,6,4,0,18.875
523657,4145841,4145842,4,14,0,0,0,5.163
523657,4145841,4145842,4,14,0,0,1,2.928
523657,4145841,4145843,4,128,6,5,1,13.59
523657,4145842,4145844,4,129,6,4,0,16.444
523657,4145843,4145845,4,32,6,5,1,2.869
523657,4145844,4145846,4,36,6,4,0,6.596
523657,4145845,4145846,4,15,0,0,0,5.217
523657,4145845,4145846,4,15,0,0,1,3.353
523657,4145845,4145847,4,115,6,5,1,12.373
523657,4145846,4145848,4,114,6,4,0,25.977
523657,4145847,4145849,4,48,6,5,1,5.055
523657,4145848,4145856,4,45,6,4,0,14.477
523657,4145849,4145856,4,13,6,4,0,2.368
523657,4145849,4145858,4,14,6,5,1,1.343
523657,4145856,4145857,4,14,6,4,0,1.854
523657,4145857,4145858,4,14,6,4,0,2.277
523657,4145857,4145860,4,170,6,4,0,18.85
523657,4145858,4145859,4,170,6,5,1,50.009
523657,4145859,4145861,4,105,6,5,1,13.536
523657,4145860,4145862,4,104,6,4,0,11.328
523657,4145861,4145863,4,32,6,5,1,3.344
523657,4145862,4145864,4,31,6,4,0,4.197
523657,4145863,4145865,4,23,6,5,1,2.124
523657,4145864,4145872,4,23,6,4,0,2.698
523657,4145865,4145873,4,61,6,5,1,6.855
523657,4145872,4145874,4,61,6,4,0,7.313
523657,4145873,4145874,4,14,0,0,0,2.688
523657,4145873,4145874,4,14,0,0,1,2.47
523657,4145873,4145875,4,24,6,5,1,2.058
523657,4145874,4145876,4,23,6,4,0,3.37
523657,4145875,4145877,4,57,6,5,1,5.769
523657,4145876,4145878,4,59,6,4,0,12.791
523657,4145877,4145878,4,14,0,0,0,3.621
523657,4145877,4145878,4,14,0,0,1,6.019
523657,4145877,4145879,4,147,6,5,1,26.775
523657,4145878,4145880,4,149,6,4,0,20.591
523657,4145879,4145881,4,112,6,5,1,13.428
523657,4145880,4145888,4,112,6,4,0,26.389
523657,4145881,4145888,4,12,0,0,0,3.193
523657,4145881,4145888,4,12,0,0,1,4.83
523657,4145881,4145938,4,115,6,5,1,16.135
523657,4145888,4145939,4,114,6,4,0,31.494
523657,4145938,4145939,4,14,6,4,0,3.213
523657,4145938,4145941,4,16,0,5,1,2.639
523657,4145939,4145940,4,16,0,4,0,2.387
523657,4145939,4145942,5,45,6,4,0,12.876
523657,4145940,4145941,4,14,6,4,0,2.653
523657,4145940,4145943,5,45,6,5,1,12.63
523657,4145940,4145945,4,131,4,4,0,17.216
523657,4145941,4145944,4,129,4,5,1,37.273
523657,4145942,4146404,5,32,6,4,0,9.562
523657,4145943,4146405,5,36,6,5,1,11.672
523657,4145944,4145945,4,15,0,0,0,4.54
523657,4145944,4145945,4,15,0,0,1,4.188
523657,4145944,4145952,4,96,4,5,1,18.577
523657,4145945,4145953,4,94,4,4,0,11.726
523657,4145952,4145953,4,14,0,0,0,4.103
523657,4145952,4145953,4,14,0,0,1,3.769
523657,4145952,4145954,4,103,4,5,1,17.613
523657,4145953,4145955,4,105,4,4,0,20.524
523657,4145954,4145956,4,99,4,5,1,14.021
523657,4145955,4145957,4,98,4,4,0,40.604
523657,4145956,4145957,4,17,0,0,0,4.856
523657,4145956,4145957,4,17,0,0,1,6.417
523657,4145956,4145958,4,96,4,5,1,23.141
523657,4145957,4145959,4,96,4,4,0,18.728
523657,4145958,4145959,4,17,0,0,0,3.403
523657,4145958,4145959,4,17,0,0,1,9.637
523657,4145958,4145960,4,85,4,5,1,11.377
523657,4145959,4145961,4,86,4,4,0,19.485
523657,4145960,4145961,4,15,0,0,0,3.48
523657,4145960,4145961,4,15,0,0,1,2.722
523657,4145960,4145968,4,156,4,5,1,28.663
523657,4145961,4145969,4,157,4,4,0,38.004
523657,4145968,4145969,4,15,0,0,0,2.907
523657,4145968,4145969,4,15,0,0,1,5.109
523657,4145968,4146868,4,15,4,5,1,1.718
523657,4145969,4146867,4,16,4,4,0,2.925
523657,4145970,4145971,4,12,0,0,0,2.77
523657,4145970,4145971,4,12,0,0,1,2.513
523657,4145970,4146868,4,77,4,4,0,16.111
523657,4145970,4146870,4,56,4,5,1,8.043
523657,4145971,4146867,4,76,4,5,1,11.241
523657,4145971,4146869,4,54,4,4,0,7.601
523657,4145974,4145975,7,20,0,0,0,5.612
523657,4145974,4145975,7,20,0,0,1,6.479
523657,4145974,4145976,7,93,0,5,1,10.274
523657,4145974,4146405,7,133,6,4,0,23.162
523657,4145975,4145977,7,90,0,4,0,9.348
523657,4145976,4145977,7,17,0,0,0,3.49
523657,4145976,4145977,7,17,0,0,1,5.702
523657,4145976,4146080,7,119,0,5,1,15.486
523657,4145977,4146081,7,121,0,4,0,15.863
523657,4146080,4146082,7,82,0,5,1,9.815
523657,4146081,4146083,7,80,0,4,0,24.583
523657,4146082,4146083,7,16,0,0,0,4.733
523657,4146082,4146083,7,16,0,0,1,5.187
523657,4146082,4146084,7,92,0,5,1,21.54
523657,4146083,4146085,7,91,0,4,0,11.353
523657,4146084,4146085,7,17,0,0,0,3.176
523657,4146084,4146085,7,17,0,0,1,4.641
523657,4146084,4146086,7,78,0,5,1,9.953
523657,4146085,4146087,7,77,0,4,0,12.283
523657,4146086,4146087,7,18,0,0,0,3.796
523657,4146086,4146087,7,18,0,0,1,4.993
523657,4146086,4146866,7,76,0,5,1,16.393
523657,4146087,4146865,7,77,0,4,0,12.823
523657,4146118,4146119,4,17,0,4,0,3.044
523657,4146118,4146121,4,16,0,5,1,1.841
523657,4146118,4146160,4,46,4,4,0,5.141
523657,4146119,4146120,4,17,0,4,0,3.738
523657,4146119,4146161,4,36,4,5,1,11.273
523657,4146120,4146121,4,17,0,4,0,5.49
523657,4146120,4146163,4,43,4,4,0,7.106
523657,4146121,4146162,4,36,4,5,1,7.409
523657,4146134,4146135,4,14,0,0,0,6.718
523657,4146134,4146135,4,14,0,0,1,5.497
523657,4146134,4146136,4,253,4,5,1,29.657
523657,4146134,4146870,4,102,4,4,0,10.808
523657,4146135,4146137,4,256,4,4,0,43.371
523657,4146135,4146869,4,100,4,5,1,18.856
523657,4146136,4146137,4,13,0,0,0,3.344
523657,4146136,4146137,4,13,0,0,1,8.664
523657,4146136,4146872,4,26,4,5,1,3.68
523657,4146137,4146871,4,16,4,4,0,2.365
523657,4146144,4146145,4,15,0,0,0,3.442
523657,4146144,4146145,4,15,0,0,1,4.173
523657,4146144,4146146,4,64,4,5,1,10.723
523657,4146144,4146872,4,89,4,4,0,15.882
523657,4146145,4146147,4,67,4,4,0,14.227
523657,4146145,4146871,4,91,4,5,1,17.217
523657,4146146,4146147,4,16,0,0,0,6.143
523657,4146146,4146147,4,16,0,0,1,8.989
523657,4146146,4146148,4,121,4,5,1,24.307
523657,4146147,4146149,4,122,4,4,0,18.062
523657,4146148,4146150,4,175,4,5,1,20.033
523657,4146149,4146151,4,180,4,4,0,34.311
523657,4146150,4146151,4,14,0,0,0,0.959
523657,4146150,4146151,4,14,0,0,1,3.835
523657,4146150,4146152,4,78,4,5,1,8.913
523657,4146151,4146153,4,81,4,4,0,17.751
523657,4146152,4146160,4,22,4,5,1,2.094
523657,4146153,4146161,4,24,4,4,0,7.292
523657,4146162,4146164,4,119,4,5,1,31.476
523657,4146163,4146165,4,118,4,4,0,22.138
523657,4146164,4146166,4,84,4,5,1,16.086
523657,4146165,4146167,4,81,4,4,0,18.549
523657,4146166,4146167,4,14,0,0,0,2.744
523657,4146166,4146167,4,14,0,0,1,5.56
523657,4146166,4146168,4,55,4,5,1,11.354
523657,4146167,4146169,4,58,4,4,0,13.531
523657,4146168,4146169,4,17,0,0,0,4.669
523657,4146168,4146169,4,17,0,0,1,6.363
523657,4146168,4146880,4,47,4,5,1,8.696
523657,4146169,4146873,4,47,4,4,0,14.372
523657,4146176,4146177,4,17,0,0,0,5.878
523657,4146176,4146177,4,17,0,0,1,4.852
523657,4146176,4146880,4,50,4,4,0,8.348
523657,4146176,4146882,4,107,4,5,1,21.937
523657,4146177,4146873,4,52,4,5,1,15.813
523657,4146177,4146881,4,104,4,4,0,23.827
523657,4146404,4146405,5,16,0,5,1,2.833
523657,4146856,4146857,4,15,0,0,0,5.847
523657,4146856,4146857,4,15,0,0,1,2.231
523657,4146865,4146866,7,17,0,0,0,1.339
523657,4146865,4146866,7,17,0,0,1,0
523657,4146867,4146868,4,15,0,0,0,1.068
523657,4146867,4146868,4,15,0,0,1,0.627
523657,4146869,4146870,4,12,0,0,0,2.076
523657,4146869,4146870,4,12,0,0,1,0.305
523657,4146871,4146872,4,15,0,0,0,1.703
523657,4146871,4146872,4,15,0,0,1,7.644
523657,4146873,4146880,4,17,0,0,0,0.017
523657,4146873,4146880,4,17,0,0,1,0.754
523657,4146881,4146882,4,15,0,0,0,0.119
523657,4146881,4146882,4,15,0,0,1,0.424
523657,4146883,4146884,4,13,0,0,0,1.252
523657,4146883,4146884,4,13,0,0,1,2.6
523657,4146885,4146886,4,15,0,0,0,17.571
523657,4146885,4146886,4,15,0,0,1,5.477
523667,4700016,4700531,9,111,0,0,0,32.231
523667,4700016,4700531,9,111,0,0,1,37.216
523667,4700017,4700274,9,44,0,0,0,8.256
523667,4700017,4700274,9,44,0,0,1,12.948
523667,4700018,4700274,9,30,0,0,0,6.724
523667,4700018,4700274,9,30,0,0,1,5.841
523667,4700019,4700297,9,41,0,0,0,8.842
523667,4700019,4700297,9,41,0,0,1,7.679
523667,4700021,4700277,9,32,0,0,0,6.139
523667,4700021,4700277,9,32,0,0,1,5.572
523667,4700022,4700290,9,35,0,0,0,7.964
523667,4700022,4700290,9,35,0,0,1,6.028
523667,4700023,4700388,9,87,0,0,0,21.202
523667,4700023,4700388,9,87,0,0,1,31.732
523667,4700024,4700406,9,102,0,0,0,24.294
523667,4700024,4700406,9,102,0,0,1,54.517
523667,4700025,4721811,9,8,0,0,0,1.097
523667,4700025,4721811,9,8,0,0,1,1.664
523667,4700032,4700260,9,15,0,0,0,2.421
523667,4700032,4700260,9,15,0,0,1,3.665
523667,4700034,4700278,9,33,0,0,0,6.055
523667,4700034,4700278,9,33,0,0,1,8.082
523667,4700035,4700306,9,40,0,0,0,10.079
523667,4700035,4700306,9,40,0,0,1,17.221
523667,4700036,4700323,9,49,0,0,0,9.546
523667,4700036,4700323,9,49,0,0,1,14.134
523667,4700037,4700337,9,57,0,0,0,14.127
523667,4700037,4700337,9,57,0,0,1,32.867
523667,4700038,4700353,9,66,0,0,0,23.362
523667,4700038,4700353,9,66,0,0,1,29.51
523667,4700039,4700370,9,74,0,0,0,25.165
523667,4700039,4700370,9,74,0,0,1,50.257
523667,4700049,4725600,7,4,6,4,0,0.421
523667,4700050,4725602,7,6,6,5,1,1.129
523667,4700051,4725604,9,18,0,0,0,4.995
523667,4700051,4725604,9,18,0,0,1,7.414
523667,4700052,4725606,9,39,0,0,0,13.472
523667,4700052,4725606,9,39,0,0,1,19.32
523667,4700054,4725618,9,57,0,0,0,14.852
523667,4700054,4725618,9,57,0,0,1,14.386
523667,4700055,4725620,9,63,0,0,0,20.897
523667,4700055,4725620,9,63,0,0,1,14.192
523667,4700056,4717202,9,29,0,0,0,7.433
523667,4700056,4717202,9,29,0,0,1,7.923
523667,4700064,4700327,9,53,0,0,0,13.32
523667,4700064,4700327,9,53,0,0,1,20.113
523667,4700065,4700344,9,61,0,0,0,14.148
523667,4700065,4700344,9,61,0,0,1,9.216
523667,4700066,4700354,9,61,0,0,0,13.741
523667,4700066,4700354,9,61,0,0,1,20.026
523667,4700067,4700343,9,61,0,0,0,11.534
523667,4700067,4700343,9,61,0,0,1,12.158
523667,4700068,4725653,9,119,0,0,0,54.871
523667,4700068,4725653,9,119,0,0,1,29.473
523667,4700071,4726772,9,61,0,0,0,10.352
523667,4700071,4726772,9,61,0,0,1,22.226
523667,4700072,4726880,9,23,0,0,0,3.333
523667,4700072,4726880,9,23,0,0,1,3.946
523667,4700073,4726882,9,13,0,0,0,4.123
523667,4700073,4726882,9,13,0,0,1,4.447
523667,4700082,4700345,9,59,0,0,0,13.058
523667,4700082,4700345,9,59,0,0,1,14.394
523667,4700083,4700304,9,40,0,0,0,11.303
523667,4700083,4700304,9,40,0,0,1,10.175
523667,4700084,4700147,9,10,0,0,0,1.64
523667,4700084,4700147,9,10,0,0,1,1.986
523667,4700085,4700313,9,45,0,0,0,17.488
523667,4700085,4700313,9,45,0,0,1,13.173
523667,4700086,4700151,9,18,0,0,0,2.776
523667,4700086,4700151,9,18,0,0,1,2.633
523667,4700147,4700304,9,120,0,0,0,27.618
523667,4700147,4700304,9,120,0,0,1,24.625
523667,4700147,4700361,9,62,0,0,0,15.115
523667,4700147,4700361,9,62,0,0,1,13.501
523667,4700151,4700313,9,73,0,0,0,21.066
523667,4700151,4700313,9,73,0,0,1,10.119
523667,4700153,4717200,9,107,0,0,0,19.109
523667,4700153,4717200,9,107,0,0,1,25.754
523667,4700153,4721129,5,13,6,5,1,1.31
523667,4700153,4721350,5,82,6,4,0,11.123
523667,4700260,4700545,9,107,0,0,0,22.215
523667,4700260,4700545,9,107,0,0,1,23.987
523667,4700260,4721811,9,124,0,0,0,21.267
523667,4700260,4721811,9,124,0,0,1,28.699
523667,4700260,4725445,9,105,0,0,0,22.983
523667,4700260,4725445,9,105,0,0,1,19.719
523667,4700274,4700358,9,61,0,0,0,16.511
523667,4700274,4700358,9,61,0,0,1,12.781
523667,4700277,4700290,9,125,0,0,0,19.134
523667,4700277,4700290,9,125,0,0,1,20.736
523667,4700277,4700293,9,46,0,0,0,7.531
523667,4700277,4700293,9,46,0,0,1,9.023
523667,4700278,4700306,9,104,0,0,0,19.177
523667,4700278,4700306,9,104,0,0,1,27.015
523667,4700278,4700565,9,106,0,0,0,19.751
523667,4700278,4700565,9,106,0,0,1,21.306
523667,4700278,4725446,9,95,0,0,0,28.405
523667,4700278,4725446,9,95,0,0,1,39.637
523667,4700290,4700391,9,60,0,0,0,13.188
523667,4700290,4700391,9,60,0,0,1,12.401
523667,4700293,4700401,5,60,6,5,1,15.429
523667,4700293,4721137,5,34,6,4,0,12.459
523667,4700296,4700297,9,107,0,0,0,16.866
523667,4700296,4700297,9,107,0,0,1,27.398
523667,4700296,4700405,9,63,0,0,0,11.651
523667,4700296,4700405,9,63,0,0,1,14.668
523667,4700297,4700358,9,34,0,0,0,9.884
523667,4700297,4700358,9,34,0,0,1,5.952
523667,4700304,4700345,9,94,0,0,0,16.76
523667,4700304,4700345,9,94,0,0,1,16.188
523667,4700304,4700409,9,63,0,0,0,11.218
523667,4700304,4700409,9,63,0,0,1,22.611
523667,4700306,4700323,9,111,0,0,0,26.837
523667,4700306,4700323,9,111,0,0,1,25.152
523667,4700306,4700577,9,107,0,0,0,31.009
523667,4700306,4700577,9,107,0,0,1,37.612
523667,4700313,4700340,9,52,0,0,0,9.377
523667,4700313,4700340,9,52,0,0,1,11.411
523667,4700323,4700337,9,114,0,0,0,26.558
523667,4700323,4700337,9,114,0,0,1,27.535
523667,4700323,4700584,9,106,0,0,0,22.425
523667,4700323,4700584,9,106,0,0,1,33.395
523667,4700327,4700344,9,108,0,0,0,15.339
523667,4700327,4700344,9,108,0,0,1,22.159
523667,4700327,4725639,9,39,0,0,0,14.304
523667,4700327,4725639,9,39,0,0,1,9.332
523667,4700337,4700353,9,106,0,0,0,36.266
523667,4700337,4700353,9,106,0,0,1,44.467
523667,4700337,4700594,9,105,0,0,0,27.418
523667,4700337,4700594,9,105,0,0,1,39.524
523667,4700340,4700361,9,48,0,0,0,6.43
523667,4700340,4700361,9,48,0,0,1,7.554
523667,4700343,4700354,9,128,0,0,0,16.411
523667,4700343,4700354,9,128,0,0,1,19.309
523667,4700343,4725651,9,55,0,0,0,17.991
523667,4700343,4725651,9,55,0,0,1,12.736
523667,4700344,4700354,9,157,0,0,0,23.825
523667,4700344,4700354,9,157,0,0,1,20.899
523667,4700344,4725641,9,40,0,0,0,9.172
523667,4700344,4725641,9,40,0,0,1,7.588
523667,4700345,4700384,9,18,0,0,0,4.379
523667,4700345,4700384,9,18,0,0,1,3.437
523667,4700353,4700370,9,104,0,0,0,29.64
523667,4700353,4700370,9,104,0,0,1,35.458
523667,4700353,4700608,9,106,0,0,0,38.55
523667,4700353,4700608,9,106,0,0,1,36.939
523667,4700354,4725650,9,54,0,0,0,41.476
523667,4700354,4725650,9,54,0,0,1,11.72
523667,4700358,4700514,9,50,0,0,0,8.962
523667,4700358,4700514,9,50,0,0,1,16.713
523667,4700358,4700517,9,54,0,0,0,12.442
523667,4700358,4700517,9,54,0,0,1,10.906
523667,4700361,4700409,9,105,0,0,0,19.575
523667,4700361,4700409,9,105,0,0,1,12.066
523667,4700370,4700386,9,106,0,0,0,36.924
523667,4700370,4700386,9,106,0,0,1,53.419
523667,4700370,4700612,9,104,0,0,0,40.616
523667,4700370,4700612,9,104,0,0,1,59.104
523667,4700371,4700384,9,17,0,0,0,2.275
523667,4700371,4700384,9,17,0,0,1,4.222
523667,4700371,4727009,9,134,0,0,0,31.999
523667,4700371,4727009,9,134,0,0,1,15.949
523667,4700371,4727011,9,122,0,0,0,7.839
523667,4700371,4727011,9,122,0,0,1,21.446
523667,4700384,4700409,9,103,0,0,0,27.404
523667,4700384,4700409,9,103,0,0,1,23.332
523667,4700384,4700551,9,47,0,0,0,15.468
523667,4700384,4700551,9,47,0,0,1,11.284
523667,4700385,4700532,9,109,0,0,0,18.527
523667,4700385,4700532,9,109,0,0,1,24.914
523667,4700385,4700561,9,49,0,0,0,13.217
523667,4700385,4700561,9,49,0,0,1,10.152
523667,4700385,4726883,9,51,0,0,0,13.058
523667,4700385,4726883,9,51,0,0,1,15.298
523667,4700385,4727008,9,119,0,0,0,17.801
523667,4700385,4727008,9,119,0,0,1,24.689
523667,4700386,4700616,9,105,0,0,0,39.974
523667,4700386,4700616,9,105,0,0,1,33.856
523667,4700386,4725492,9,82,0,0,0,32.402
523667,4700386,4725492,9,82,0,0,1,35.863
523667,4700386,4725655,9,95,0,0,0,34.93
523667,4700386,4725655,9,95,0,0,1,47.592
523667,4700388,4700391,9,36,0,0,0,7.219
523667,4700388,4700391,9,36,0,0,1,6.889
523667,4700388,4700649,9,121,0,0,0,33.664
523667,4700388,4700649,9,121,0,0,1,26.938
523667,4700391,4700661,9,121,0,0,0,26.65
523667,4700391,4700661,9,121,0,0,1,23.068
523667,4700401,4721350,5,17,0,0,0,6.879
523667,4700401,4721350,5,17,0,0,1,4.354
523667,4700401,4725414,5,158,6,5,1,32.648
523667,4700405,4700567,9,41,0,0,0,5.982
523667,4700405,4700567,9,41,0,0,1,8.545
523667,4700405,4721350,9,104,0,0,0,23.622
523667,4700405,4721350,9,104,0,0,1,15.741
523667,4700406,4700528,9,157,0,0,0,31.271
523667,4700406,4700528,9,157,0,0,1,42.748
523667,4700406,4700646,9,106,0,0,0,34.586
523667,4700406,4700646,9,106,0,0,1,24
523667,4700409,4700551,9,96,0,0,0,17.11
523667,4700409,4700551,9,96,0,0,1,14.54
523667,4700513,4700516,9,45,0,0,0,4.399
523667,4700513,4700516,9,45,0,0,1,6.875
523667,4700513,4700596,9,75,0,0,0,13.349
523667,4700513,4700596,9,75,0,0,1,17.358
523667,4700513,4726777,9,47,0,0,0,8.045
523667,4700513,4726777,9,47,0,0,1,10.001
523667,4700514,4700600,9,109,0,0,0,25.783
523667,4700514,4700600,9,109,0,0,1,21.048
523667,4700514,4725409,9,115,0,0,0,27.314
523667,4700514,4725409,9,115,0,0,1,28.027
523667,4700516,4700640,9,106,0,0,0,5.644
523667,4700516,4700640,9,106,0,0,1,8.986
523667,4700516,4700801,9,213,0,0,0,23.48
523667,4700516,4700801,9,213,0,0,1,36.752
523667,4700516,4726775,9,48,0,0,0,23.251
523667,4700516,4726775,9,48,0,0,1,6.67
523667,4700517,4700531,9,110,0,0,0,22.617
523667,4700517,4700531,9,110,0,0,1,22.856
523667,4700517,4725401,9,86,0,0,0,22.732
523667,4700517,4725401,9,86,0,0,1,16.715
523667,4700528,4700545,9,127,0,0,0,31.961
523667,4700528,4700545,9,127,0,0,1,27.049
523667,4700528,4700662,9,104,0,0,0,19.463
523667,4700528,4700662,9,104,0,0,1,19.463
523667,4700528,4721811,9,104,0,0,0,24.786
523667,4700528,4721811,9,104,0,0,1,21.587
523667,4700531,4722802,9,109,0,0,0,20.204
523667,4700531,4722802,9,109,0,0,1,29.619
523667,4700531,4725399,9,62,0,0,0,20.221
523667,4700531,4725399,9,62,0,0,1,12.601
523667,4700532,4700596,9,112,0,0,0,16.013
523667,4700532,4700596,9,112,0,0,1,22.21
523667,4700532,4726881,9,75,0,0,0,22.848
523667,4700532,4726881,9,75,0,0,1,13.932
523667,4700532,4726920,9,107,0,0,0,23.438
523667,4700532,4726920,9,107,0,0,1,22.839
523667,4700545,4700773,9,103,0,0,0,17.437
523667,4700545,4700773,9,103,0,0,1,30.672
523667,4700545,4725447,9,104,0,0,0,33.494
523667,4700545,4725447,9,104,0,0,1,19.143
523667,4700551,4727014,9,132,0,0,0,54.172
523667,4700551,4727014,9,132,0,0,1,18.307
523667,4700552,4700865,9,158,0,0,0,58.061
523667,4700552,4700865,9,158,0,0,1,47.622
523667,4700552,4721139,9,147,0,0,0,20.945
523667,4700552,4721139,9,147,0,0,1,28.342
523667,4700552,4725619,9,57,0,0,0,19.051
523667,4700552,4725619,9,57,0,0,1,11.643
523667,4700552,4725622,9,94,0,0,0,23.961
523667,4700552,4725622,9,94,0,0,1,3.89
523667,4700561,4726928,9,51,0,0,0,15.583
523667,4700561,4726928,9,51,0,0,1,11.212
523667,4700561,4727010,9,121,0,0,0,19.948
523667,4700561,4727010,9,121,0,0,1,33.81
523667,4700565,4700577,9,110,0,0,0,25.389
523667,4700565,4700577,9,110,0,0,1,28.608
523667,4700565,4700792,9,102,0,0,0,18.582
523667,4700565,4700792,9,102,0,0,1,24.852
523667,4700565,4725448,9,97,0,0,0,23.053
523667,4700565,4725448,9,97,0,0,1,19.908
523667,4700567,4700569,9,102,0,0,0,29.488
523667,4700567,4700569,9,102,0,0,1,19.926
523667,4700567,4700600,9,22,0,0,0,3.073
523667,4700567,4700600,9,22,0,0,1,4.482
523667,4700569,4721350,5,44,6,5,1,7.512
523667,4700569,4725413,5,110,6,4,0,34.676
523667,4700577,4700584,9,108,0,0,0,25.936
523667,4700577,4700584,9,108,0,0,1,24.722
523667,4700577,4700808,9,99,0,0,0,26.182
523667,4700577,4700808,9,99,0,0,1,26.97
523667,4700584,4700594,9,111,0,0,0,55.347
523667,4700584,4700594,9,111,0,0,1,38.337
523667,4700584,4700834,9,102,0,0,0,23.191
523667,4700584,4700834,9,102,0,0,1,22.472
523667,4700594,4700608,9,110,0,0,0,53.415
523667,4700594,4700608,9,110,0,0,1,57.81
523667,4700594,4700850,9,105,0,0,0,28.957
523667,4700594,4700850,9,105,0,0,1,35.664
523667,4700596,4700640,9,60,0,0,0,8.779
523667,4700596,4700640,9,60,0,0,1,6.387
523667,4700596,4726916,9,93,0,0,0,27.681
523667,4700596,4726916,9,93,0,0,1,24.937
523667,4700597,4700644,9,84,0,0,0,4.936
523667,4700597,4700644,9,84,0,0,1,2.983
523667,4700597,4700771,9,84,0,0,0,2.116
523667,4700597,4700771,9,84,0,0,1,1.822
523667,4700600,4725411,9,68,0,0,0,8.858
523667,4700600,4725411,9,68,0,0,1,9.299
523667,4700600,4725413,9,134,0,0,0,65.095
523667,4700600,4725413,9,134,0,0,1,21.091
523667,4700608,4700612,9,102,0,0,0,55.278
523667,4700608,4700612,9,102,0,0,1,25.156
523667,4700608,4700864,9,107,0,0,0,25.456
523667,4700608,4700864,9,107,0,0,1,36.214
523667,4700612,4700616,9,109,0,0,0,40.301
523667,4700612,4700616,9,109,0,0,1,49.549
523667,4700612,4700881,9,109,0,0,0,26.467
523667,4700612,4700881,9,109,0,0,1,64.449
523667,4700616,4700889,9,109,0,0,0,29.37
523667,4700616,4700889,9,109,0,0,1,32.677
523667,4700616,4725657,9,94,0,0,0,51.695
523667,4700616,4725657,9,94,0,0,1,33.945
523667,4700631,4700816,9,94,0,0,0,19.771
523667,4700631,4700816,9,94,0,0,1,26.485
523667,4700631,4700833,5,50,6,4,0,13.027
523667,4700631,4725616,5,145,6,5,1,26.546
523667,4700633,4701026,7,106,6,4,0,20.339
523667,4700633,4721378,7,108,6,5,1,17.899
523667,4700633,4725664,9,111,0,0,0,55.058
523667,4700633,4725664,9,111,0,0,1,40.672
523667,4700640,4700801,9,55,0,0,0,8.983
523667,4700640,4700801,9,55,0,0,1,6.989
523667,4700642,4700770,9,137,0,0,0,49.534
523667,4700642,4700770,9,137,0,0,1,52.062
523667,4700642,4701032,7,108,6,5,1,15.809
523667,4700642,4725603,7,192,6,4,0,39.062
523667,4700644,4726889,9,26,0,0,0,1.722
523667,4700644,4726889,9,26,0,0,1,3.814
523667,4700646,4700649,9,76,0,0,0,12.858
523667,4700646,4700649,9,76,0,0,1,14.938
523667,4700646,4700662,9,135,0,0,0,18.486
523667,4700646,4700662,9,135,0,0,1,26.352
523667,4700646,4725429,9,90,0,0,0,29.218
523667,4700646,4725429,9,90,0,0,1,22.177
523667,4700649,4700661,9,37,0,0,0,6.099
523667,4700649,4700661,9,37,0,0,1,7.39
523667,4700649,4725425,9,79,0,0,0,18.358
523667,4700649,4725425,9,79,0,0,1,21.545
523667,4700658,4700873,9,60,0,0,0,14.473
523667,4700658,4700873,9,60,0,0,1,11.294
523667,4700658,4725640,9,112,0,0,0,47.159
523667,4700658,4725640,9,112,0,0,1,20.105
523667,4700658,4726439,9,150,0,0,0,32.731
523667,4700658,4726439,9,150,0,0,1,37.889
523667,4700661,4700818,9,140,0,0,0,40.555
523667,4700661,4700818,9,140,0,0,1,24.586
523667,4700661,4725417,9,66,0,0,0,13.808
523667,4700661,4725417,9,66,0,0,1,17.338
523667,4700662,4700773,9,128,0,0,0,22.367
523667,4700662,4700773,9,128,0,0,1,16.918
523667,4700662,4725431,9,95,0,0,0,19.258
523667,4700662,4725431,9,95,0,0,1,20.419
523667,4700770,4700786,9,136,0,0,0,26.657
523667,4700770,4700786,9,136,0,0,1,43.119
523667,4700770,4701043,9,104,0,0,0,28.799
523667,4700770,4701043,9,104,0,0,1,29.421
523667,4700770,4725605,9,192,0,0,0,82.73
523667,4700770,4725605,9,192,0,0,1,40.147
523667,4700771,4700838,9,96,0,0,0,2.576
523667,4700771,4700838,9,96,0,0,1,4.702
523667,4700771,4700870,9,64,0,0,0,5.254
523667,4700771,4700870,9,64,0,0,1,1.881
523667,4700773,4725441,9,101,0,0,0,13.451
523667,4700773,4725441,9,101,0,0,1,22.176
523667,4700773,4725449,9,100,0,0,0,29.923
523667,4700773,4725449,9,100,0,0,1,12.72
523667,4700786,4700816,9,144,0,0,0,24.768
523667,4700786,4700816,9,144,0,0,1,21.541
523667,4700786,4700919,9,70,0,0,0,14.883
523667,4700786,4700919,9,70,0,0,1,14.254
523667,4700792,4700808,9,107,0,0,0,19.94
523667,4700792,4700808,9,107,0,0,1,21.998
523667,4700792,4725456,9,97,0,0,0,23.038
523667,4700792,4725456,9,97,0,0,1,14.479
523667,4700792,4725465,9,105,0,0,0,23.393
523667,4700792,4725465,9,105,0,0,1,19.935
523667,4700801,4700836,9,23,0,0,0,3.567
523667,4700801,4700836,9,23,0,0,1,3.525
523667,4700808,4700834,9,111,0,0,0,23.167
523667,4700808,4700834,9,111,0,0,1,21.61
523667,4700808,4725473,9,110,0,0,0,25.096
523667,4700808,4725473,9,110,0,0,1,29.076
523667,4700816,4700821,9,24,0,0,0,5.949
523667,4700816,4700821,9,24,0,0,1,5.051
523667,4700816,4700919,9,159,0,0,0,28.136
523667,4700816,4700919,9,159,0,0,1,31.665
523667,4700816,4725607,9,198,0,0,0,58.36
523667,4700816,4725607,9,198,0,0,1,49.173
523667,4700818,4725414,9,38,0,0,0,14.318
523667,4700818,4725414,9,38,0,0,1,7.09
523667,4700821,4700833,9,56,0,0,0,28.993
523667,4700821,4700833,9,56,0,0,1,10.555
523667,4700821,4701128,9,131,0,0,0,28.989
523667,4700821,4701128,9,131,0,0,1,27.374
523667,4700833,4721141,5,24,0,0,0,6.909
523667,4700833,4721141,5,24,0,0,1,5.38
523667,4700833,4726434,5,208,6,4,0,50.411
523667,4700834,4700850,9,110,0,0,0,39.29
523667,4700834,4700850,9,110,0,0,1,26.653
523667,4700834,4725475,9,109,0,0,0,44.155
523667,4700834,4725475,9,109,0,0,1,30.015
523667,4700835,4700839,9,73,0,0,0,12.189
523667,4700835,4700839,9,73,0,0,1,17.374
523667,4700835,4725649,9,126,0,0,0,45.414
523667,4700835,4725649,9,126,0,0,1,27.281
523667,4700835,4726760,9,206,0,0,0,53.782
523667,4700835,4726760,9,206,0,0,1,39.053
523667,4700836,4726773,9,222,0,0,0,51.987
523667,4700836,4726773,9,222,0,0,1,33.016
523667,4700836,4726914,9,51,0,0,0,7.271
523667,4700836,4726914,9,51,0,0,1,7.201
523667,4700838,4700920,9,71,0,0,0,2.678
523667,4700838,4700920,9,71,0,0,1,13.786
523667,4700838,4728961,9,54,0,0,0,14.559
523667,4700838,4728961,9,54,0,0,1,3.965
523667,4700839,4700853,9,89,0,0,0,11.334
523667,4700839,4700853,9,89,0,0,1,27.482
523667,4700839,4701153,9,134,0,0,0,12.542
523667,4700839,4701153,9,134,0,0,1,10.958
523667,4700848,4700865,9,111,0,0,0,22.324
523667,4700848,4700865,9,111,0,0,1,24.286
523667,4700848,4701159,9,148,0,0,0,23.133
523667,4700848,4701159,9,148,0,0,1,32.495
523667,4700848,4721141,9,72,0,0,0,36.631
523667,4700848,4721141,9,72,0,0,1,12.852
523667,4700850,4700864,9,110,0,0,0,22.701
523667,4700850,4700864,9,110,0,0,1,41.06
523667,4700850,4725477,9,108,0,0,0,50.84
523667,4700850,4725477,9,108,0,0,1,37.571
523667,4700853,4700873,9,138,0,0,0,23.943
523667,4700853,4700873,9,138,0,0,1,19.814
523667,4700853,4701145,9,125,0,0,0,240.962
523667,4700853,4701145,9,125,0,0,1,10.027
523667,4700853,4725648,9,153,0,0,0,24.282
523667,4700853,4725648,9,153,0,0,1,45.077
523667,4700864,4700881,9,105,0,0,0,27.16
523667,4700864,4700881,9,105,0,0,1,23.414
523667,4700864,4725479,9,106,0,0,0,27.413
523667,4700864,4725479,9,106,0,0,1,28.865
523667,4700865,4700866,9,41,0,0,0,11.895
523667,4700865,4700866,9,41,0,0,1,7.778
523667,4700865,4701124,9,111,0,0,0,23.362
523667,4700865,4701124,9,111,0,0,1,29.708
523667,4700866,4700885,9,140,0,0,0,26.777
523667,4700866,4700885,9,140,0,0,1,27.549
523667,4700866,4701124,9,102,0,0,0,18.801
523667,4700866,4701124,9,102,0,0,1,26.743
523667,4700866,4725623,9,200,0,0,0,69.771
523667,4700866,4725623,9,200,0,0,1,42.339
523667,4700870,4700920,9,74,0,0,0,14.203
523667,4700870,4700920,9,74,0,0,1,1.246
523667,4700870,4726912,9,65,0,0,0,13.737
523667,4700870,4726912,9,65,0,0,1,5.552
523667,4700873,4701077,9,69,0,0,0,12.838
523667,4700873,4701077,9,69,0,0,1,16.736
523667,4700873,4726441,9,141,0,0,0,44.384
523667,4700873,4726441,9,141,0,0,1,32.739
523667,4700881,4700889,9,111,0,0,0,23.213
523667,4700881,4700889,9,111,0,0,1,27.159
523667,4700881,4725481,9,107,0,0,0,35.192
523667,4700881,4725481,9,107,0,0,1,42.162
523667,4700885,4701120,9,88,0,0,0,21.196
523667,4700885,4701120,9,88,0,0,1,12.087
523667,4700885,4725625,9,212,0,0,0,41.287
523667,4700885,4725625,9,212,0,0,1,46.029
523667,4700885,4726440,9,70,0,0,0,25.582
523667,4700885,4726440,9,70,0,0,1,10.592
523667,4700889,4725489,9,106,0,0,0,23.768
523667,4700889,4725489,9,106,0,0,1,28.08
523667,4700889,4725665,9,90,0,0,0,29.472
523667,4700889,4725665,9,90,0,0,1,25.335
523667,4700919,4701043,9,142,0,0,0,30.635
523667,4700919,4701043,9,142,0,0,1,30.522
523667,4700919,4701107,9,67,0,0,0,14.087
523667,4700919,4701107,9,67,0,0,1,11.083
523667,4700920,4726904,9,50,0,0,0,4.183
523667,4700920,4726904,9,50,0,0,1,9.798
523667,4701026,4725666,9,111,0,0,0,42.7
523667,4701026,4725666,9,111,0,0,1,34.06
523667,4701026,4726416,7,107,6,4,0,25.314
523667,4701032,4701043,9,135,0,0,0,28.512
523667,4701032,4701043,9,135,0,0,1,39.831
523667,4701032,4726418,7,107,6,5,1,19.301
523667,4701043,4701095,9,33,0,0,0,12.696
523667,4701043,4701095,9,33,0,0,1,7.434
523667,4701077,4701088,9,73,0,0,0,14.493
523667,4701077,4701088,9,73,0,0,1,9.213
523667,4701077,4726754,9,125,0,0,0,44.409
523667,4701077,4726754,9,125,0,0,1,20.626
523667,4701088,4726449,9,66,0,0,0,14.161
523667,4701088,4726449,9,66,0,0,1,9.906
523667,4701088,4726752,9,120,0,0,0,25.665
523667,4701088,4726752,9,120,0,0,1,20.002
523667,4701095,4701107,9,137,0,0,0,29.346
523667,4701095,4701107,9,137,0,0,1,24.951
523667,4701095,4726420,9,78,0,0,0,41.03
523667,4701095,4726420,9,78,0,0,1,15.663
523667,4701107,4701128,9,169,0,0,0,44.855
523667,4701107,4701128,9,169,0,0,1,27.867
523667,4701107,4726422,9,76,0,0,0,24.266
523667,4701107,4726422,9,76,0,0,1,14.285
523667,4701120,4701124,9,166,0,0,0,39.858
523667,4701120,4701124,9,166,0,0,1,46.315
523667,4701120,4726408,9,98,0,0,0,32.168
523667,4701120,4726408,9,98,0,0,1,11.476
523667,4701120,4726450,9,44,0,0,0,10.387
523667,4701120,4726450,9,44,0,0,1,11.035
523667,4701124,4701159,9,97,0,0,0,20.308
523667,4701124,4701159,9,97,0,0,1,15.736
523667,4701124,4726402,9,94,0,0,0,36.95
523667,4701124,4726402,9,94,0,0,1,17.239
523667,4701128,4726432,9,79,0,0,0,17.478
523667,4701128,4726432,9,79,0,0,1,12.356
523667,4701145,4701153,9,92,0,0,0,6.678
523667,4701145,4701153,9,92,0,0,1,7.632
523667,4701145,4701161,9,16,0,0,0,5.379
523667,4701145,4701161,9,16,0,0,1,3.831
523667,4701153,4726758,9,70,0,0,0,3.008
523667,4701153,4726758,9,70,0,0,1,5.92
523667,4701159,4726400,9,72,0,0,0,13.843
523667,4701159,4726400,9,72,0,0,1,18.943
523667,4701161,4726756,9,59,0,0,0,26.542
523667,4701161,4726756,9,59,0,0,1,13.772
523667,4717191,4717200,9,13,0,0,0,1.984
523667,4717191,4717200,9,13,0,0,1,3.101
523667,4717192,4717202,9,44,0,0,0,14.691
523667,4717192,4717202,9,44,0,0,1,11.541
523667,4717202,4725621,9,67,0,0,0,15.826
523667,4717202,4725621,9,67,0,0,1,1.237
523667,4717202,4725624,9,46,0,0,0,16.165
523667,4717202,4725624,9,46,0,0,1,8.537
523667,4721127,4725608,5,47,6,4,0,15.091
523667,4721128,4725609,5,48,6,5,1,12.422
523667,4721139,4721141,5,59,6,5,1,10.429
523667,4721139,4725617,5,136,6,4,0,45.895
523667,4721141,4721142,5,23,6,5,1,4.116
523667,4721142,4726436,5,184,6,5,1,32.86
523667,4721376,4721377,9,139,0,0,0,39.584
523667,4721376,4721377,9,139,0,0,1,30.359
523667,4721376,4722793,9,20,0,0,0,4.733
523667,4721376,4722793,9,20,0,0,1,4.562
523667,4721376,4722806,9,65,0,0,0,11.842
523667,4721376,4722806,9,65,0,0,1,13.029
523667,4721377,4722807,9,17,0,0,0,8.448
523667,4721377,4722807,9,17,0,0,1,3.846
523667,4721378,4725601,7,82,6,5,1,15.155
523667,4721378,4725656,9,112,0,0,0,50.437
523667,4721378,4725656,9,112,0,0,1,35.212
523667,4721811,4721812,9,138,0,0,0,28.731
523667,4721811,4721812,9,138,0,0,1,28.981
523667,4722791,4722793,4,114,6,4,0,43.175
523667,4722792,4722800,4,108,6,5,1,32.339
523667,4722793,4722800,4,17,0,0,0,4.707
523667,4722793,4722800,4,17,0,0,1,3.635
523667,4722793,4722801,4,25,6,4,0,11.318
523667,4722800,4722802,4,18,6,5,1,2.707
523667,4722801,4722802,4,15,0,0,0,5.189
523667,4722801,4722802,4,15,0,0,1,4.757
523667,4722801,4722803,4,39,6,4,0,21.761
523667,4722802,4722804,4,45,6,5,1,7.221
523667,4722803,4722804,4,16,6,5,1,5.251
523667,4722803,4722805,4,15,6,4,0,7.646
523667,4722803,4722806,7,91,4,4,0,36.66
523667,4722804,4722805,4,15,0,5,1,5.253
523667,4722804,4725397,4,39,6,5,1,10.963
523667,4722805,4722808,7,99,4,5,1,17.357
523667,4722805,4725398,4,44,6,4,0,10.891
523667,4722806,4722807,7,17,4,0,0,3.594
523667,4722806,4722807,7,17,4,0,1,8.234
523667,4722806,4722808,7,20,0,5,1,5.504
523667,4722807,4722808,7,19,0,4,0,6.865
523667,4725397,4725399,4,59,6,5,1,9.431
523667,4725398,4725400,4,59,6,4,0,12.228
523667,4725399,4725400,4,17,0,0,0,4.357
523667,4725399,4725400,4,17,0,0,1,4.631
523667,4725399,4725401,4,114,6,5,1,15.216
523667,4725400,4725408,4,114,6,4,0,20.643
523667,4725401,4725408,4,17,0,0,0,4.271
523667,4725401,4725408,4,17,0,0,1,7.208
523667,4725401,4725409,4,63,6,5,1,11.053
523667,4725408,4725410,4,62,6,4,0,11.739
523667,4725409,4725410,4,17,0,0,0,5.391
523667,4725409,4725410,4,17,0,0,1,7.001
523667,4725409,4725411,4,92,6,5,1,11.799
523667,4725410,4725412,4,92,6,4,0,24.554
523667,4725411,4725413,4,102,6,5,1,13.177
523667,4725412,4725415,4,102,6,4,0,55.953
523667,4725413,4725414,4,18,6,5,1,2.399
523667,4725413,4725415,4,15,0,4,0,2.483
523667,4725414,4725416,4,15,0,5,1,3.28
523667,4725414,4729559,4,76,6,5,1,33.449
523667,4725415,4725416,4,17,6,4,0,2.852
523667,4725416,4729558,4,76,6,4,0,11.969
523667,4725417,4725424,4,17,0,0,0,5.74
523667,4725417,4725424,4,17,0,0,1,7.16
523667,4725417,4725425,4,38,6,5,1,5.215
523667,4725417,4729559,4,111,6,4,0,28.099
523667,4725424,4725426,4,34,6,4,0,8.576
523667,4725424,4729558,4,113,6,5,1,22.497
523667,4725425,4725426,4,15,0,0,0,3.122
523667,4725425,4725426,4,15,0,0,1,11.086
523667,4725425,4725427,4,19,6,5,1,2.722
523667,4725426,4725428,4,21,6,4,0,3.265
523667,4725427,4725428,4,15,0,0,0,2.894
523667,4725427,4725428,4,15,0,0,1,2.718
523667,4725427,4725429,4,61,6,5,1,9.445
523667,4725428,4725430,4,63,6,4,0,9.477
523667,4725429,4725430,4,15,0,0,0,4.798
523667,4725429,4725430,4,15,0,0,1,3.354
523667,4725429,4729561,4,90,6,5,1,16.687
523667,4725430,4729560,4,86,6,4,0,10.105
523667,4725431,4725432,4,15,0,0,0,3.751
523667,4725431,4725432,4,15,0,0,1,3.184
523667,4725431,4725433,4,32,6,5,1,2.831
523667,4725431,4729561,4,29,6,4,0,2.849
523667,4725432,4725440,4,31,6,4,0,3.905
523667,4725432,4729560,4,29,6,5,1,3.279
523667,4725433,4725440,4,15,0,0,0,4.859
523667,4725433,4725440,4,15,0,0,1,2.107
523667,4725433,4725441,4,89,6,5,1,8.497
523667,4725440,4725442,4,89,6,4,0,16.481
523667,4725441,4725442,4,15,0,0,0,4.649
523667,4725441,4725442,4,15,0,0,1,5.108
523667,4725441,4725457,4,101,6,5,1,11.083
523667,4725442,4725459,4,101,6,4,0,35.06
523667,4725443,4725445,3,20,6,4,0,2.197
523667,4725444,4725446,3,21,6,5,1,5.421
523667,4725445,4725447,3,110,6,4,0,18.419
523667,4725446,4725448,3,109,6,5,1,19.253
523667,4725447,4725448,3,17,0,0,0,4.548
523667,4725447,4725448,3,17,0,0,1,4.613
523667,4725447,4725449,3,103,6,4,0,15.591
523667,4725448,4725456,3,104,6,5,1,21.58
523667,4725449,4725457,3,107,6,4,0,30.082
523667,4725456,4725458,3,106,6,5,1,16.352
523667,4725457,4725458,3,17,0,5,1,2.738
523667,4725457,4725459,3,15,6,4,0,2.565
523667,4725458,4725460,3,16,6,5,1,2.476
523667,4725458,4725465,3,100,6,5,1,38.353
523667,4725459,4725460,3,17,6,4,0,2.636
523667,4725460,4725472,3,103,6,4,0,13.613
523667,4725465,4725473,3,105,6,5,1,18.249
523667,4725472,4725474,3,104,6,4,0,19.425
523667,4725473,4725474,3,15,0,0,0,4.949
523667,4725473,4725474,3,15,0,0,1,5.704
523667,4725473,4725475,3,111,6,5,1,19.187
523667,4725474,4725476,3,110,6,4,0,20.792
523667,4725475,4725476,3,15,0,0,0,5.33
523667,4725475,4725476,3,15,0,0,1,6.362
523667,4725475,4725477,3,110,6,5,1,16.534
523667,4725476,4725478,3,110,6,4,0,25.032
523667,4725477,4725478,3,15,0,0,0,5.009
523667,4725477,4725478,3,15,0,0,1,4.325
523667,4725477,4725479,3,109,6,5,1,26.626
523667,4725478,4725480,3,109,6,4,0,15.104
523667,4725479,4725481,3,105,6,5,1,14.709
523667,4725480,4725488,3,106,6,4,0,23.207
523667,4725481,4725488,3,16,0,0,0,7.231
523667,4725481,4725488,3,16,0,0,1,5.172
523667,4725481,4725489,3,109,6,5,1,21.494
523667,4725488,4725490,3,107,6,4,0,18.568
523667,4725489,4725667,3,91,6,5,1,12.355
523667,4725490,4725669,3,91,6,4,0,27.015
523667,4725491,4725492,5,10,6,4,0,2.715
523667,4725492,4725496,5,99,6,4,0,37.064
523667,4725492,4726132,5,1,0,0,0,0.144
523667,4725492,4726132,5,1,0,0,1,0.213
523667,4725493,4725496,7,12,6,4,0,2.504
523667,4725494,4725497,7,13,6,5,1,3.498
523667,4725495,4725600,7,33,6,5,1,7.656
523667,4725496,4725497,7,15,6,4,0,2.779
523667,4725496,4725655,7,77,6,4,0,15.353
523667,4725497,4725601,7,112,6,4,0,20.449
523667,4725497,4725656,7,78,6,5,1,29.771
523667,4725600,4725601,7,12,6,4,0,2.505
523667,4725600,4725602,7,89,6,5,1,20.624
523667,4725601,4725603,7,90,6,4,0,17.2
523667,4725602,4725603,7,15,6,5,1,3.344
523667,4725602,4725604,7,136,6,5,1,29.278
523667,4725603,4725605,7,134,6,4,0,28.244
523667,4725604,4725605,7,15,0,0,0,3.805
523667,4725604,4725605,7,15,0,0,1,7.46
523667,4725604,4725606,7,231,6,5,1,57.905
523667,4725605,4725607,7,234,6,4,0,46.707
523667,4725606,4725607,7,15,0,0,0,4.277
523667,4725606,4725607,7,15,0,0,1,6.883
523667,4725606,4725608,7,126,6,5,1,23.28
523667,4725607,4725616,7,124,6,4,0,28.99
523667,4725608,4725609,5,21,6,5,1,3.59
523667,4725608,4725616,5,15,6,4,0,3.161
523667,4725609,4725617,5,16,6,5,1,3.463
523667,4725609,4725618,7,105,6,5,1,30.38
523667,4725616,4725617,5,21,6,4,0,2.673
523667,4725617,4725619,7,108,6,4,0,11.237
523667,4725618,4725620,7,111,6,5,1,14.648
523667,4725619,4725622,7,97,6,4,0,10.629
523667,4725620,4725621,7,10,6,5,1,1.003
523667,4725620,4725632,7,7,0,0,0,1.636
523667,4725620,4725632,7,7,0,0,1,1.986
523667,4725621,4725624,7,71,6,5,1,9.704
523667,4725622,4725623,7,10,6,4,0,0.714
523667,4725623,4725625,7,86,6,4,0,8.813
523667,4725623,4725632,7,7,0,0,0,2.312
523667,4725623,4725632,7,7,0,0,1,1.596
523667,4725624,4725635,7,123,6,5,1,13.681
523667,4725625,4725637,7,119,6,4,0,25.662
523667,4725633,4725635,3,78,6,4,0,25.631
523667,4725634,4725636,3,80,6,5,1,18.841
523667,4725635,4725636,3,16,0,5,1,1.912
523667,4725635,4725637,3,16,6,4,0,3.141
523667,4725636,4725638,3,16,6,5,1,2.976
523667,4725636,4725639,7,175,6,5,1,25.995
523667,4725637,4725638,3,16,0,4,0,1.97
523667,4725637,4726438,3,142,6,4,0,26.711
523667,4725638,4725640,7,173,6,4,0,18.281
523667,4725638,4726439,3,141,6,5,1,47.193
523667,4725639,4725640,7,15,0,0,0,4.375
523667,4725639,4725640,7,15,0,0,1,3.479
523667,4725639,4725641,7,112,6,5,1,11.835
523667,4725640,4725648,7,113,6,4,0,9.918
523667,4725641,4725650,7,159,6,5,1,12.534
523667,4725648,4725649,7,159,6,4,0,24.466
523667,4725649,4725650,7,15,0,0,0,2.744
523667,4725649,4725650,7,15,0,0,1,4.529
523667,4725649,4725652,7,126,6,4,0,15.007
523667,4725650,4725651,7,126,6,5,1,10.523
523667,4725651,4725652,7,15,0,0,0,2.719
523667,4725651,4725652,7,15,0,0,1,6.163
523667,4725651,4725653,7,88,6,5,1,7.907
523667,4725652,4725654,7,94,6,4,0,12.712
523667,4725653,4725654,7,16,0,0,0,5.046
523667,4725653,4725654,7,16,0,0,1,3.93
523667,4725653,4726884,7,200,6,5,1,22.347
523667,4725654,4726770,9,301,0,0,0,77.561
523667,4725654,4726770,9,301,0,0,1,103.431
523667,4725654,4726886,7,204,6,4,0,34.676
523667,4725655,4725656,7,16,0,0,0,4.966
523667,4725655,4725656,7,16,0,0,1,8.368
523667,4725655,4725657,7,106,6,4,0,17.868
523667,4725656,4725664,7,106,6,5,1,25.181
523667,4725657,4725664,7,16,0,0,0,6.173
523667,4725657,4725664,7,16,0,0,1,7.036
523667,4725657,4725665,7,109,6,4,0,23.016
523667,4725664,4725666,7,108,6,5,1,17.332
523667,4725665,4725666,7,16,0,0,0,4.759
523667,4725665,4725666,7,16,0,0,1,6.981
523667,4725665,4725667,7,105,6,4,0,33.382
523667,4725666,4725668,7,106,6,5,1,20.678
523667,4725667,4725668,3,16,6,5,1,2.035
523667,4725667,4725669,3,15,6,4,0,2.439
523667,4725668,4725670,3,15,6,5,1,2.42
523667,4725668,4726416,3,113,6,5,1,24.433
523667,4725669,4725670,3,17,6,4,0,2.958
523667,4725670,4726417,3,112,6,4,0,28.664
523667,4725990,4726882,7,101,6,4,0,12.495
523667,4725991,4726001,7,100,6,5,1,11.135
523667,4725992,4726000,5,13,6,4,0,2.777
523667,4725993,4726001,5,11,6,5,1,2.237
523667,4726000,4726001,5,15,0,4,0,2.295
523667,4726000,4726883,7,117,6,5,1,25.146
523667,4726000,4727008,5,29,6,4,0,5.718
523667,4726001,4727009,5,31,6,5,1,10.951
523667,4726133,4726884,7,108,6,4,0,22.407
523667,4726134,4726885,7,106,6,5,1,26.706
523667,4726392,4726400,3,98,6,5,1,13.099
523667,4726392,4726436,3,71,6,4,0,20.986
523667,4726393,4726401,3,98,6,4,0,10.7
523667,4726393,4726437,3,71,6,5,1,7.444
523667,4726400,4726402,3,92,6,5,1,11.224
523667,4726401,4726403,3,93,6,4,0,15.813
523667,4726402,4726403,3,15,0,0,0,2.877
523667,4726402,4726403,3,15,0,0,1,3.061
523667,4726402,4726404,3,84,6,5,1,19.265
523667,4726403,4726405,3,83,6,4,0,21.894
523667,4726404,4726406,3,36,6,5,1,6.277
523667,4726405,4726407,3,36,6,4,0,16.721
523667,4726406,4726408,3,47,6,5,1,7.797
523667,4726407,4726409,3,47,6,4,0,18.857
523667,4726408,4726409,3,15,0,0,0,3.486
523667,4726408,4726409,3,15,0,0,1,1.902
523667,4726408,4726452,3,20,6,5,1,2.989
523667,4726409,4726454,3,24,6,4,0,3.071
523667,4726416,4726417,3,15,6,0,0,2.331
523667,4726416,4726417,3,15,6,0,1,27.805
523667,4726416,4726418,3,87,6,5,1,13.743
523667,4726417,4726419,3,87,6,4,0,17.129
523667,4726418,4726419,3,15,6,0,0,6.788
523667,4726418,4726419,3,15,6,0,1,2.829
523667,4726418,4726420,3,141,6,5,1,30.19
523667,4726419,4726421,3,143,6,4,0,17.467
523667,4726420,4726421,3,15,0,0,0,4.305
523667,4726420,4726421,3,15,0,0,1,4.031
523667,4726420,4726422,3,136,6,5,1,21.884
523667,4726421,4726423,3,134,6,4,0,19.088
523667,4726422,4726423,3,15,0,0,0,5.507
523667,4726422,4726423,3,15,0,0,1,4.969
523667,4726422,4726424,3,128,6,5,1,25.303
523667,4726423,4726425,3,129,6,4,0,23.191
523667,4726424,4726432,3,43,6,5,1,5.42
523667,4726425,4726433,3,43,6,4,0,15.282
523667,4726432,4726434,3,56,6,5,1,7.118
523667,4726433,4726435,3,57,6,4,0,19.078
523667,4726434,4726435,3,15,0,4,0,2.603
523667,4726434,4726436,3,27,6,5,1,3.844
523667,4726435,4726437,3,27,6,4,0,3.404
523667,4726436,4726437,3,15,0,5,1,2.341
523667,4726438,4726440,3,58,6,4,0,15.905
523667,4726439,4726441,3,57,6,5,1,8.606
523667,4726440,4726441,3,16,0,0,0,3.334
523667,4726440,4726441,3,16,0,0,1,3.668
523667,4726440,4726448,3,59,6,4,0,10.345
523667,4726441,4726449,3,60,6,5,1,9.014
523667,4726448,4726450,3,22,6,4,0,4.556
523667,4726449,4726451,3,21,6,5,1,2.145
523667,4726450,4726452,3,93,6,4,0,32.924
523667,4726451,4726453,3,94,6,5,1,11.387
523667,4726452,4726453,3,14,0,5,1,1.602
523667,4726452,4726454,3,15,0,4,0,1.687
523667,4726453,4726455,3,15,0,5,1,1.821
523667,4726453,4726752,5,72,6,5,1,24.657
523667,4726454,4726455,3,14,0,4,0,1.633
523667,4726455,4726753,5,72,6,4,0,9.486
523667,4726752,4726754,5,82,6,5,1,17.98
523667,4726753,4726755,5,79,6,4,0,9.484
523667,4726754,4726755,5,15,0,0,0,4.032
523667,4726754,4726755,5,15,0,0,1,4.844
523667,4726754,4726756,5,125,6,5,1,24.374
523667,4726755,4726757,5,125,6,4,0,13.136
523667,4726756,4726757,5,15,0,0,0,3.369
523667,4726756,4726757,5,15,0,0,1,3.363
523667,4726756,4726758,5,89,6,5,1,8.608
523667,4726757,4726759,5,90,6,4,0,9.789
523667,4726758,4726760,5,73,6,5,1,6.261
523667,4726759,4726761,5,73,6,4,0,12.971
523667,4726760,4726768,5,39,6,5,1,3.171
523667,4726761,4726769,5,39,6,4,0,7.511
523667,4726768,4726769,5,15,0,0,0,3.599
523667,4726768,4726769,5,15,0,0,1,2.365
523667,4726768,4726770,5,288,6,5,1,29.442
523667,4726769,4726771,5,292,6,4,0,36.359
523667,4726770,4726771,5,16,0,0,0,3.525
523667,4726770,4726771,5,16,0,0,1,3.587
523667,4726770,4726896,5,260,6,5,1,39.234
523667,4726771,4726898,5,264,6,4,0,59.709
523667,4726772,4726773,7,15,0,0,0,2.189
523667,4726772,4726773,7,15,0,0,1,4.17
523667,4726772,4726774,7,147,6,5,1,25.841
523667,4726772,4726885,7,217,6,4,0,52.619
523667,4726773,4726775,7,145,6,4,0,13.712
523667,4726773,4726887,7,209,6,5,1,24.444
523667,4726774,4726776,7,51,6,5,1,9.284
523667,4726775,4726777,7,52,6,4,0,4.807
523667,4726776,4726777,7,16,0,0,0,5.149
523667,4726776,4726777,7,16,0,0,1,2.438
523667,4726776,4726880,7,107,6,5,1,12.705
523667,4726777,4726881,7,108,6,4,0,14.319
523667,4726880,4726882,7,107,6,5,1,10.702
523667,4726881,4726883,7,107,6,4,0,26.912
523667,4726882,4726883,7,15,0,0,0,5.538
523667,4726882,4726883,7,15,0,0,1,6.225
523667,4726884,4726885,7,16,6,5,1,2.901
523667,4726884,4726886,7,17,6,4,0,3.027
523667,4726885,4726887,7,17,6,5,1,3.84
523667,4726886,4726887,7,17,6,4,0,1.788
523667,4726886,4729568,7,112,6,4,0,20.457
523667,4726887,4729569,7,109,6,5,1,27.022
523667,4726888,4726896,7,160,6,4,0,40.068
523667,4726888,4729568,7,38,6,5,1,5.357
523667,4726889,4728961,7,29,6,5,1,8.376
523667,4726889,4729569,7,34,6,4,0,10.158
523667,4726896,4726897,5,16,6,5,1,2.044
523667,4726896,4726898,5,17,6,4,0,2.853
523667,4726897,4726899,5,17,6,5,1,3.161
523667,4726897,4726904,5,73,6,5,1,13.709
523667,4726897,4728961,7,136,6,4,0,26.265
523667,4726898,4726899,5,16,6,0,0,2.181
523667,4726898,4726899,5,16,6,0,1,0.085
523667,4726899,4726905,5,91,6,4,0,12.437
523667,4726904,4726905,5,29,0,0,0,5.233
523667,4726904,4726905,5,29,0,0,1,6.03
523667,4726904,4726912,5,70,6,5,1,11.136
523667,4726905,4726913,5,54,6,4,0,6.762
523667,4726912,4726913,5,17,0,0,0,3.179
523667,4726912,4726913,5,17,0,0,1,9.872
523667,4726912,4726914,5,61,6,5,1,10.39
523667,4726913,4726915,5,58,6,4,0,6.659
523667,4726914,4726915,5,15,0,0,0,2.499
523667,4726914,4726915,5,15,0,0,1,2.758
523667,4726914,4726916,5,128,6,5,1,22.531
523667,4726915,4726917,5,124,6,4,0,15.705
523667,4726916,4726917,5,16,0,0,0,4.032
523667,4726916,4726917,5,16,0,0,1,3.661
523667,4726916,4726918,5,10,6,5,1,1.189
523667,4726917,4726919,5,10,6,4,0,0.773
523667,4726918,4726919,5,16,0,0,0,6.788
523667,4726918,4726919,5,16,0,0,1,0.412
523667,4726918,4726920,5,63,6,5,1,13.688
523667,4726919,4726921,5,63,6,4,0,8.266
523667,4726920,4726921,5,15,0,0,0,0.5
523667,4726920,4726921,5,15,0,0,1,3.071
523667,4726920,4726928,5,108,6,5,1,16.173
523667,4726921,4726929,5,104,6,4,0,20.807
523667,4726928,4726929,5,15,0,0,0,4.245
523667,4726928,4726929,5,15,0,0,1,5.751
523667,4726928,4727012,5,127,6,5,1,25.792
523667,4726929,4727013,5,129,6,4,0,33.917
523667,4727008,4727010,5,57,6,4,0,11.334
523667,4727009,4727011,5,54,6,5,1,14.389
523667,4727010,4727012,5,53,6,4,0,14.983
523667,4727011,4727014,5,59,6,5,1,10.314
523667,4727012,4727013,5,13,6,4,0,2.021
523667,4727012,4727014,5,15,0,5,1,2.784
523667,4727013,4727014,5,15,0,4,0,2.35
523667,4729558,4729559,4,15,0,0,0,3.604
523667,4729558,4729559,4,15,0,0,1,1.814
523667,4729560,4729561,4,15,0,0,0,4.661
523667,4729560,4729561,4,15,0,0,1,1.169
523667,4729568,4729569,7,16,0,0,0,10.75
523667,4729568,4729569,7,16,0,0,1,1.754
523667,4700016,4129573,-1,-1,-1,-1,0,0.01
523667,4700016,4129573,-1,-1,-1,-1,1,0.01
523667,4700017,4129574,-1,-1,-1,-1,0,0.01
523667,4700017,4129574,-1,-1,-1,-1,1,0.01
523667,4700018,4129575,-1,-1,-1,-1,0,0.01
523667,4700018,4129575,-1,-1,-1,-1,1,0.01
523667,4700019,4129576,-1,-1,-1,-1,0,0.01
523667,4700019,4129576,-1,-1,-1,-1,1,0.01
523667,4700020,4129577,-1,-1,-1,-1,0,0.01
523667,4700020,4129577,-1,-1,-1,-1,1,0.01
523667,4700021,4129584,-1,-1,-1,-1,0,0.01
523667,4700021,4129584,-1,-1,-1,-1,1,0.01
523667,4700022,4129585,-1,-1,-1,-1,0,0.01
523667,4700022,4129585,-1,-1,-1,-1,1,0.01
523667,4700023,4129586,-1,-1,-1,-1,0,0.01
523667,4700023,4129586,-1,-1,-1,-1,1,0.01
523667,4700024,4129587,-1,-1,-1,-1,0,0.01
523667,4700024,4129587,-1,-1,-1,-1,1,0.01
523667,4700025,4129588,-1,-1,-1,-1,0,0.01
523667,4700025,4129588,-1,-1,-1,-1,1,0.01
523667,4700032,4129589,-1,-1,-1,-1,0,0.01
523667,4700032,4129589,-1,-1,-1,-1,1,0.01
523667,4700034,4129591,-1,-1,-1,-1,0,0.01
523667,4700034,4129591,-1,-1,-1,-1,1,0.01
523667,4700035,4129592,-1,-1,-1,-1,0,0.01
523667,4700035,4129592,-1,-1,-1,-1,1,0.01
523667,4700036,4129593,-1,-1,-1,-1,0,0.01
523667,4700036,4129593,-1,-1,-1,-1,1,0.01
523667,4700037,4129696,-1,-1,-1,-1,0,0.01
523667,4700037,4129696,-1,-1,-1,-1,1,0.01
523667,4700038,4129697,-1,-1,-1,-1,0,0.01
523667,4700038,4129697,-1,-1,-1,-1,1,0.01
523667,4700039,4129698,-1,-1,-1,-1,0,0.01
523667,4700039,4129698,-1,-1,-1,-1,1,0.01
523667,4700049,4129702,-1,-1,-1,-1,0,0.01
523667,4700049,4129702,-1,-1,-1,-1,1,0.01
523667,4700050,4129703,-1,-1,-1,-1,0,0.01
523667,4700050,4129703,-1,-1,-1,-1,1,0.01
523667,4700051,4129704,-1,-1,-1,-1,0,0.01
523667,4700051,4129704,-1,-1,-1,-1,1,0.01
523667,4700052,4129705,-1,-1,-1,-1,0,0.01
523667,4700052,4129705,-1,-1,-1,-1,1,0.01
523667,4700053,4129712,-1,-1,-1,-1,0,0.01
523667,4700053,4129712,-1,-1,-1,-1,1,0.01
523667,4700054,4129713,-1,-1,-1,-1,0,0.01
523667,4700054,4129713,-1,-1,-1,-1,1,0.01
523667,4700055,4129714,-1,-1,-1,-1,0,0.01
523667,4700055,4129714,-1,-1,-1,-1,1,0.01
523667,4700056,4129715,-1,-1,-1,-1,0,0.01
523667,4700056,4129715,-1,-1,-1,-1,1,0.01
523667,4700064,4129717,-1,-1,-1,-1,0,0.01
523667,4700064,4129717,-1,-1,-1,-1,1,0.01
523667,4700065,4129718,-1,-1,-1,-1,0,0.01
523667,4700065,4129718,-1,-1,-1,-1,1,0.01
523667,4700066,4129719,-1,-1,-1,-1,0,0.01
523667,4700066,4129719,-1,-1,-1,-1,1,0.01
523667,4700067,4129720,-1,-1,-1,-1,0,0.01
523667,4700067,4129720,-1,-1,-1,-1,1,0.01
523667,4700068,4129721,-1,-1,-1,-1,0,0.01
523667,4700068,4129721,-1,-1,-1,-1,1,0.01
523667,4700071,4129730,-1,-1,-1,-1,0,0.01
523667,4700071,4129730,-1,-1,-1,-1,1,0.01
523667,4700072,4129731,-1,-1,-1,-1,0,0.01
523667,4700072,4129731,-1,-1,-1,-1,1,0.01
523667,4700073,4129732,-1,-1,-1,-1,0,0.01
523667,4700073,4129732,-1,-1,-1,-1,1,0.01
523667,4700082,4129735,-1,-1,-1,-1,0,0.01
523667,4700082,4129735,-1,-1,-1,-1,1,0.01
523667,4700083,4129736,-1,-1,-1,-1,0,0.01
523667,4700083,4129736,-1,-1,-1,-1,1,0.01
523667,4700084,4129737,-1,-1,-1,-1,0,0.01
523667,4700084,4129737,-1,-1,-1,-1,1,0.01
523667,4700085,4129744,-1,-1,-1,-1,0,0.01
523667,4700085,4129744,-1,-1,-1,-1,1,0.01
523667,4700086,4129745,-1,-1,-1,-1,0,0.01
523667,4700086,4129745,-1,-1,-1,-1,1,0.01
523667,4700087,4129746,-1,-1,-1,-1,0,0.01
523667,4700087,4129746,-1,-1,-1,-1,1,0.01
523667,4700088,4129747,-1,-1,-1,-1,0,0.01
523667,4700088,4129747,-1,-1,-1,-1,1,0.01
523667,4700089,4129748,-1,-1,-1,-1,0,0.01
523667,4700089,4129748,-1,-1,-1,-1,1,0.01
523667,4717191,4134193,-1,-1,-1,-1,0,0.01
523667,4717191,4134193,-1,-1,-1,-1,1,0.01
523667,4717192,4134169,-1,-1,-1,-1,0,0.01
523667,4717192,4134169,-1,-1,-1,-1,1,0.01
523667,4721127,4134388,-1,-1,-1,-1,0,0.01
523667,4721127,4134388,-1,-1,-1,-1,1,0.01
523667,4721128,4134389,-1,-1,-1,-1,0,0.01
523667,4721128,4134389,-1,-1,-1,-1,1,0.01
523667,4721129,4134392,-1,-1,-1,-1,0,0.01
523667,4721129,4134392,-1,-1,-1,-1,1,0.01
523667,4721136,4134393,-1,-1,-1,-1,0,0.01
523667,4721136,4134393,-1,-1,-1,-1,1,0.01
523667,4721137,4134400,-1,-1,-1,-1,0,0.01
523667,4721137,4134400,-1,-1,-1,-1,1,0.01
523667,4721812,4134896,-1,-1,-1,-1,0,0.01
523667,4721812,4134896,-1,-1,-1,-1,1,0.01
523667,4722791,4134961,-1,-1,-1,-1,0,0.01
523667,4722791,4134961,-1,-1,-1,-1,1,0.01
523667,4722792,4134962,-1,-1,-1,-1,0,0.01
523667,4722792,4134962,-1,-1,-1,-1,1,0.01
523667,4725443,4134965,-1,-1,-1,-1,0,0.01
523667,4725443,4134965,-1,-1,-1,-1,1,0.01
523667,4725444,4134966,-1,-1,-1,-1,0,0.01
523667,4725444,4134966,-1,-1,-1,-1,1,0.01
523667,4725491,4134963,-1,-1,-1,-1,0,0.01
523667,4725491,4134963,-1,-1,-1,-1,1,0.01
523667,4725493,4134967,-1,-1,-1,-1,0,0.01
523667,4725493,4134967,-1,-1,-1,-1,1,0.01
523667,4725494,4134968,-1,-1,-1,-1,0,0.01
523667,4725494,4134968,-1,-1,-1,-1,1,0.01
523667,4725495,4134964,-1,-1,-1,-1,0,0.01
523667,4725495,4134964,-1,-1,-1,-1,1,0.01
523667,4725633,4134969,-1,-1,-1,-1,0,0.01
523667,4725633,4134969,-1,-1,-1,-1,1,0.01
523667,4725634,4135072,-1,-1,-1,-1,0,0.01
523667,4725634,4135072,-1,-1,-1,-1,1,0.01
523667,4725990,4135076,-1,-1,-1,-1,0,0.01
523667,4725990,4135076,-1,-1,-1,-1,1,0.01
523667,4725991,4135075,-1,-1,-1,-1,0,0.01
523667,4725991,4135075,-1,-1,-1,-1,1,0.01
523667,4725992,4135073,-1,-1,-1,-1,0,0.01
523667,4725992,4135073,-1,-1,-1,-1,1,0.01
523667,4725993,4135074,-1,-1,-1,-1,0,0.01
523667,4725993,4135074,-1,-1,-1,-1,1,0.01
523667,4726132,4137395,-1,-1,-1,-1,0,0.01
523667,4726132,4137395,-1,-1,-1,-1,1,0.01
523667,4726133,4137396,-1,-1,-1,-1,0,0.01
523667,4726133,4137396,-1,-1,-1,-1,1,0.01
523667,4726134,4137397,-1,-1,-1,-1,0,0.01
523667,4726134,4137397,-1,-1,-1,-1,1,0.01
